Year,World,Africa,Asia and Oceania,Central and South America,Eurasia,Europe,Middle East,North America,EU28,OECD,OPEC,Persian Gulf,Albania,Algeria,Angola,Argentina,Armenia,Australia,Austria,Azerbaijan,Bahrain,Bangladesh,Belarus,Belgium,Benin,Bolivia,Botswana,Brazil,Brunei Darussalam,Bulgaria,Burma,Cambodia,Cameroon,Canada,Chile,China,Colombia,Congo,Croatia,Cuba,Cyprus,Denmark,Dominican Republic,Ecuador,Egypt,El Salvador,Eritrea,Estonia,Ethiopia,Finland,France,Gabon,Georgia,Germany,Ghana,Gibraltar,Greece,Guatemala,Haiti,Honduras,Hungary,Iceland,India,Indonesia,Iraq,Ireland,Israel,Italy,Ivory Coast,Jamaica,Japan,Jordan,Kazakhstan,Kenya,Kosovo,Kuwait,Kyrgyzstan,Latvia,Lebanon,Libya,Lithuania,Malaysia,Malta,Mauritius,Mexico,Mongolia,Montenegro,Morocco,Mozambique,Namibia,Nepal,Netherlands,Nicaragua,Niger,Nigeria,Norway,NZ,Oman,Pakistan,Panama,Paraguay,Peru,Poland,Portugal,Qatar,Romania,Russian Federation & USSR,Senegal,Serbia,Singapore,Slovakia,Slovenia,South Africa,Spain,Sudan,Suriname,Sweden,Tajikistan,Thailand,Togo,Tunisia,Turkey,Ukraine,United Kingdom,United States of America,Uruguay,Uzbekistan,Yemen,Zambia,Zimbabwe
1900,0.265825533,0,0,0,0,0,0,0.265825533,0,0.265825533,0,0,0,0,0,0,,0,0,,0,0,,0,,0,,0,0,0,0,,,0,0,0,0,,,,,0,,0,0,,,,,,0,,,0,,,0,,,,0,,0,0,0,0,0,0,,,0,,,,,0,,,,0,,0,,,0,,,0,,,,0,,,0,0,,0,0,,,0,0,,0,0,0,,,,,,,0,,,,,0,,0,0,0,0,0.265825533,,,,,
1901,0.294581036,0,0,0,0,0,0,0.294581036,0,0.294581036,0,0,0,0,0,0,,0,0,,0,0,,0,,0,,0,0,0,0,,,0,0,0,0,,,,,0,,0,0,,,,,,0,,,0,,,0,,,,0,,0,0,0,0,0,0,,,0,,,,,0,,,,0,,0,,,0,,,0,,,,0,,,0,0,,0,0,,,0,0,,0,0,0,,,,,,,0,,,,,0,,0,0,0,0,0.294581036,,,,,
1902,0.32333654,0,0,0,0,0,0,0.32333654,0,0.32333654,0,0,0,0,0,0,,0,0,,0,0,,0,,0,,0,0,0,0,,,0,0,0,0,,,,,0,,0,0,,,,,,0,,,0,,,0,,,,0,,0,0,0,0,0,0,,,0,,,,,0,,,,0,,0,,,0,,,0,,,,0,,,0,0,,0,0,,,0,0,,0,0,0,,,,,,,0,,,,,0,,0,0,0,0,0.32333654,,,,,
1903,0.352092043,0,0,0,0,0,0,0.352092043,0,0.352092043,0,0,0,0,0,0,,0,0,,0,0,,0,,0,,0,0,0,0,,,0,0,0,0,,,,,0,,0,0,,,,,,0,,,0,,,0,,,,0,,0,0,0,0,0,0,,,0,,,,,0,,,,0,,0,,,0,,,0,,,,0,,,0,0,,0,0,,,0,0,,0,0,0,,,,,,,0,,,,,0,,0,0,0,0,0.352092043,,,,,
1904,0.380847547,0,0,0,0,0,0,0.380847547,0,0.380847547,0,0,0,0,0,0,,0,0,,0,0,,0,,0,,0,0,0,0,,,0,0,0,0,,,,,0,,0,0,,,,,,0,,,0,,,0,,,,0,,0,0,0,0,0,0,,,0,,,,,0,,,,0,,0,,,0,,,0,,,,0,,,0,0,,0,0,,,0,0,,0,0,0,,,,,,,0,,,,,0,,0,0,0,0,0.380847547,,,,,
1905,0.40960305,0,0,0,0,0,0,0.40960305,0,0.40960305,0,0,0,0,0,0,,0,0,,0,0,,0,,0,,0,0,0,0,,,0,0,0,0,,,,,0,,0,0,,,,,,0,,,0,,,0,,,,0,,0,0,0,0,0,0,,,0,,,,,0,,,,0,,0,,,0,,,0,,,,0,,,0,0,,0,0,,,0,0,,0,0,0,,,,,,,0,,,,,0,,0,0,0,0,0.40960305,,,,,
1906,0.438358554,0,0,0,0,0,0,0.438358554,0,0.438358554,0,0,0,0,0,0,,0,0,,0,0,,0,,0,,0,0,0,0,,,0,0,0,0,,,,,0,,0,0,,,,,,0,,,0,,,0,,,,0,,0,0,0,0,0,0,,,0,,,,,0,,,,0,,0,,,0,,,0,,,,0,,,0,0,,0,0,,,0,0,,0,0,0,,,,,,,0,,,,,0,,0,0,0,0,0.438358554,,,,,
1907,0.467114057,0,0,0,0,0,0,0.467114057,0,0.467114057,0,0,0,0,0,0,,0,0,,0,0,,0,,0,,0,0,0,0,,,0,0,0,0,,,,,0,,0,0,,,,,,0,,,0,,,0,,,,0,,0,0,0,0,0,0,,,0,,,,,0,,,,0,,0,,,0,,,0,,,,0,,,0,0,,0,0,,,0,0,,0,0,0,,,,,,,0,,,,,0,,0,0,0,0,0.467114057,,,,,
1908,0.49586956,0,0,0,0,0,0,0.49586956,0,0.49586956,0,0,0,0,0,0,,0,0,,0,0,,0,,0,,0,0,0,0,,,0,0,0,0,,,,,0,,0,0,,,,,,0,,,0,,,0,,,,0,,0,0,0,0,0,0,,,0,,,,,0,,,,0,,0,,,0,,,0,,,,0,,,0,0,,0,0,,,0,0,,0,0,0,,,,,,,0,,,,,0,,0,0,0,0,0.49586956,,,,,
1909,0.524625064,0,0,0,0,0,0,0.524625064,0,0.524625064,0,0,0,0,0,0,,0,0,,0,0,,0,,0,,0,0,0,0,,,0,0,0,0,,,,,0,,0,0,,,,,,0,,,0,,,0,,,,0,,0,0,0,0,0,0,,,0,,,,,0,,,,0,,0,,,0,,,0,,,,0,,,0,0,,0,0,,,0,0,,0,0,0,,,,,,,0,,,,,0,,0,0,0,0,0.524625064,,,,,
1910,0.567320434,0,0,0,0,0,0,0.567320434,0,0.567320434,0,0,0,0,0,0,,0,0,,0,0,,0,,0,,0,0,0,0,,,0.013939867,0,0,0,,,,,0,,0,0,,,,,,0,,,0,,,0,,,,0,,0,0,0,0,0,0,,,0,,,,,0,,,,0,,0,,,0,,,0,,,,0,,,0,0,,0,0,,,0,0,,0,0,0,,,,,,,0,,,,,0,,0,0,0,0,0.553380567,,,,,
1911,0.597475215,0,0,0,0,0,0,0.597475215,0,0.597475215,0,0,0,0,0,0,,0,0,,0,0,,0,,0,,0,0,0,0,,,0.014263722,0,0,0,,,,,0,,0,0,,,,,,0,,,0,,,0,,,,0,,0,0,0,0,0,0,,,0,,,,,0,,,,0,,0,,,0,,,0,,,,0,,,0,0,,0,0,,,0,0,,0,0,0,,,,,,,0,,,,,0,,0,0,0,0,0.583211493,,,,,
1912,0.627629996,0,0,0,0,0,0,0.627629996,0,0.627629996,0,0,0,0,0,0,,0,0,,0,0,,0,,0,,0,0,0,0,,,0.014587578,0,0,0,,,,,0,,0,0,,,,,,0,,,0,,,0,,,,0,,0,0,0,0,0,0,,,0,,,,,0,,,,0,,0,,,0,,,0,,,,0,,,0,0,,0,0,,,0,0,,0,0,0,,,,,,,0,,,,,0,,0,0,0,0,0.613042418,,,,,
1913,0.657784776,0,0,0,0,0,0,0.657784776,0,0.657784776,0,0,0,0,0,0,,0,0,,0,0,,0,,0,,0,0,0,0,,,0.014911433,0,0,0,,,,,0,,0,0,,,,,,0,,,0,,,0,,,,0,,0,0,0,0,0,0,,,0,,,,,0,,,,0,,0,,,0,,,0,,,,0,,,0,0,,0,0,,,0,0,,0,0,0,,,,,,,0,,,,,0,,0,0,0,0,0.642873343,,,,,
1914,0.687939557,0,0,0,0,0,0,0.687939557,0,0.687939557,0,0,0,0,0,0,,0,0,,0,0,,0,,0,,0,0,0,0,,,0.015235289,0,0,0,,,,,0,,0,0,,,,,,0,,,0,,,0,,,,0,,0,0,0,0,0,0,,,0,,,,,0,,,,0,,0,,,0,,,0,,,,0,,,0,0,,0,0,,,0,0,,0,0,0,,,,,,,0,,,,,0,,0,0,0,0,0.672704268,,,,,
1915,0.718094338,0,0,0,0,0,0,0.718094338,0,0.718094338,0,0,0,0,0,0,,0,0,,0,0,,0,,0,,0,0,0,0,,,0.015559144,0,0,0,,,,,0,,0,0,,,,,,0,,,0,,,0,,,,0,,0,0,0,0,0,0,,,0,,,,,0,,,,0,,0,,,0,,,0,,,,0,,,0,0,,0,0,,,0,0,,0,0,0,,,,,,,0,,,,,0,,0,0,0,0,0.702535193,,,,,
1916,0.748249118,0,0,0,0,0,0,0.748249118,0,0.748249118,0,0,0,0,0,0,,0,0,,0,0,,0,,0,,0,0,0,0,,,0.015883,0,0,0,,,,,0,,0,0,,,,,,0,,,0,,,0,,,,0,,0,0,0,0,0,0,,,0,,,,,0,,,,0,,0,,,0,,,0,,,,0,,,0,0,,0,0,,,0,0,,0,0,0,,,,,,,0,,,,,0,,0,0,0,0,0.732366118,,,,,
1917,0.778403899,0,0,0,0,0,0,0.778403899,0,0.778403899,0,0,0,0,0,0,,0,0,,0,0,,0,,0,,0,0,0,0,,,0.016206855,0,0,0,,,,,0,,0,0,,,,,,0,,,0,,,0,,,,0,,0,0,0,0,0,0,,,0,,,,,0,,,,0,,0,,,0,,,0,,,,0,,,0,0,,0,0,,,0,0,,0,0,0,,,,,,,0,,,,,0,,0,0,0,0,0.762197044,,,,,
1918,0.80855868,0,0,0,0,0,0,0.80855868,0,0.80855868,0,0,0,0,0,0,,0,0,,0,0,,0,,0,,0,0,0,0,,,0.016530711,0,0,0,,,,,0,,0,0,,,,,,0,,,0,,,0,,,,0,,0,0,0,0,0,0,,,0,,,,,0,,,,0,,0,,,0,,,0,,,,0,,,0,0,,0,0,,,0,0,,0,0,0,,,,,,,0,,,,,0,,0,0,0,0,0.792027969,,,,,
1919,0.83871346,0,0,0,0,0,0,0.83871346,0,0.83871346,0,0,0,0,0,0,,0,0,,0,0,,0,,0,,0,0,0,0,,,0.016854566,0,0,0,,,,,0,,0,0,,,,,,0,,,0,,,0,,,,0,,0,0,0,0,0,0,,,0,,,,,0,,,,0,,0,,,0,,,0,,,,0,,,0,0,,0,0,,,0,0,,0,0,0,,,,,,,0,,,,,0,,0,0,0,0,0.821858894,,,,,
1920,0.868868241,0,0,0,0,0,0,0.868868241,0,0.868868241,0,0,0,0,0,0,,0,0,,0,0,,0,,0,,0,0,0,0,,,0.017178422,0,0,0,,,,,0,,0,0,,,,,,0,,,0,,,0,,,,0,,0,0,0,0,0,0,,,0,,,,,0,,,,0,,0,,,0,,,0,,,,0,,,0,0,,0,0,,,0,0,,0,0,0,,,,,,,0,,,,,0,,0,0,0,0,0.851689819,,,,,
1921,0.899023022,0,0,0,0,0,0,0.899023022,0,0.899023022,0,0,0,0,0,0,,0,0,,0,0,,0,,0,,0,0,0,0,,,0.017502277,0,0,0,,,,,0,,0,0,,,,,,0,,,0,,,0,,,,0,,0,0,0,0,0,0,,,0,,,,,0,,,,0,,0,,,0,,,0,,,,0,,,0,0,,0,0,,,0,0,,0,0,0,,,,,,,0,,,,,0,,0,0,0,0,0.881520744,,,,,
1922,0.959710092,0,0.005944969,0,0.000781634,0.023805688,0,0.929177802,0.023805688,0.944572254,0,0,0,0,0,0,,0,0,,0,0,,0,,0,,0,0,0,0,,,0.017826133,0,0,0,,,,,0,,0,0,,,,,,0,,,0,,,0,,,,0,,0,0.004725772,0,0,0,0,,,0.001219196,,,,,0,,,,0,,0,,,0,,,0,,,,0,,,0,0,,0,0,,,0,0.012443111,,0,0.009630432,0.000781634,,,,,,,0.001732144,,,,,0,,0,0,0,0,0.91135167,,,,,
1923,1.124447242,0,0.007709006,0,0.002580632,0.02701106,0,1.087146544,0.02701106,1.103174109,0,0,0,0,0,0,,0,0,,0,0,,0,,0,,0,0,0,0,,,0.019663661,0,0,0,,,,,0,,0,0,,,,,,0,,,0,,,0,,,,0,,0,0.006503356,0,0,0,0,,,0.00120565,,,,,0,,,,0,,0,,,0,,,0,,,,0,,,0,0,,0,0,,,0,0.012772211,,0,0.012189145,0.002580632,,,,,,,0.002049704,,,,,0,,0,0,0,0,1.067482883,,,,,
1924,1.289184391,0,0.009473043,0,0.00437963,0.030216433,0,1.245115285,0.030216433,1.261775963,0,0,0,0,0,0,,0,0,,0,0,,0,,0,,0,0,0,0,,,0.021501189,0,0,0,,,,,0,,0,0,,,,,,0,,,0,,,0,,,,0,,0,0.008280941,0,0,0,0,,,0.001192103,,,,,0,,,,0,,0,,,0,,,0,,,,0,,,0,0,,0,0,,,0,0.013101311,,0,0.014747858,0.00437963,,,,,,,0.002367264,,,,,0,,0,0,0,0,1.223614096,,,,,
1925,1.453921541,0,0.011237081,0,0.006178628,0.033421806,0,1.403084026,0.033421806,1.420377817,0,0,0,0,0,0,,0,0,,0,0,,0,,0,,0,0,0,0,,,0.023338716,0,0,0,,,,,0,,0,0,,,,,,0,,,0,,,0,,,,0,,0,0.010058525,0,0,0,0,,,0.001178556,,,,,0,,,,0,,0,,,0,,,0,,,,0,,,0,0,,0,0,,,0,0.013430411,,0,0.017306571,0.006178628,,,,,,,0.002684824,,,,,0,,0,0,0,0,1.379745309,,,,,
1926,1.61865869,0,0.013001118,0,0.007977626,0.036627179,0,1.561052767,0.036627179,1.578979671,0,0,0,0,0,0,,0,0,,0,0,,0,,0,,0,0,0,0,,,0.025176244,0,0,0,,,,,0,,0,0,,,,,,0,,,0,,,0,,,,0,,0,0.011836109,0,0,0,0,,,0.00116501,,,,,0,,,,0,,0,,,0,,,0,,,,0,,,0,0,,0,0,,,0,0.013759511,,0,0.019865284,0.007977626,,,,,,,0.003002383,,,,,0,,0,0,0,0,1.535876523,,,,,
1927,1.78339584,0,0.014765156,0,0.009776625,0.039832551,0,1.719021508,0.039832551,1.737581526,0,0,0,0,0,0,,0,0,,0,0,,0,,0,,0,0,0,0,,,0.027013772,0,0,0,,,,,0,,0,0,,,,,,0,,,0,,,0,,,,0,,0,0.013613693,0,0,0,0,,,0.001151463,,,,,0,,,,0,,0,,,0,,,0,,,,0,,,0,0,,0,0,,,0,0.014088611,,0,0.022423997,0.009776625,,,,,,,0.003319943,,,,,0,,0,0,0,0,1.692007736,,,,,
1928,1.94813299,0,0.016529193,0,0.011575623,0.043037924,0,1.87699025,0.043037924,1.89618338,0,0,0,0,0,0,,0,0,,0,0,,0,,0,,0,0,0,0,,,0.0288513,0,0,0,,,,,0,,0,0,,,,,,0,,,0,,,0,,,,0,,0,0.015391277,0,0,0,0,,,0.001137916,,,,,0,,,,0,,0,,,0,,,0,,,,0,,,0,0,,0,0,,,0,0.014417711,,0,0.02498271,0.011575623,,,,,,,0.003637503,,,,,0,,0,0,0,0,1.848138949,,,,,
1929,2.06858174,0,0.022154583,0.016183406,0.019156229,0.049797852,0,1.961289671,0.049797852,1.98115452,0,0,0,0,0,0.010386395,,0,0,,0,0,,0,,0,,0,0,0,0,,,0.029808786,0,0,0,,,,,0,,0,0,,,,,,0,,,0,,,0,,,,0,,0,0.017934812,0,0,0,0,,,0.001228227,,,,,0,,,,0,,0,,,0,,,0,,,,0,,,0,0,,0,0,,,0,0.014671936,,0,0.03116123,0.019156229,,,,,,,0.003964686,,,,,0,,0,0,0,0,1.931480885,,,,,
1930,2.168638223,0,0.021796885,0.017957632,0.026736835,0.05655778,0,2.045589092,0.05655778,2.06612566,0,0,0,0,0,0.011549556,,0,0,,0,0,,0,,0,,0,0,0,0,,,0.030766272,0,0,0,,,,,0,,0,0,,,,,,0,,,0,,,0,,,,0,,0,0.020478347,0,0,0,0,,,0.001318538,,,,,0,,,,0,,0,,,0,,,0,,,,0,,,0,0,,0,0,,,0,0.014926162,,0,0.037339749,0.026736835,,,,,,,0.004291869,,,,,0,,0,0,0,0,2.01482282,,,,,
1931,2.27168625,0,0.024430731,0.019731858,0.034317441,0.063317708,0,2.129888513,0.063317708,2.1510968,0,0,0,0,0,0.012712716,,0,0,,0,0,,0,,0,,0,0,0,0,,,0.031723758,0,0,0,,,,,0,,0,0,,,,,,0,,,0,,,0,,,,0,,0,0.023021882,0,0,0,0,,,0.001408849,,,,,0,,,,0,,0,,,0,,,0,,,,0,,,0,0,,0,0,,,0,0.015180387,,0,0.043518269,0.034317441,,,,,,,0.004619051,,,,,0,,0,0,0,0,2.098164755,,,,,
1932,2.374734277,0,0.027064576,0.021506084,0.041898047,0.070077635,0,2.214187934,0.070077635,2.23606794,0,0,0,0,0,0.013875877,,0,0,,0,0,,0,,0,,0,0,0,0,,,0.032681243,0,0,0,,,,,0,,0,0,,,,,,0,,,0,,,0,,,,0,,0,0.025565417,0,0,0,0,,,0.00149916,,,,,0,,,,0,,0,,,0,,,0,,,,0,,,0,0,,0,0,,,0,0.015434612,,0,0.049696789,0.041898047,,,,,,,0.004946234,,,,,0,,0,0,0,0,2.18150669,,,,,
1933,2.477782304,0,0.029698422,0.02328031,0.049478653,0.076837563,0,2.298487355,0.076837563,2.32103908,0,0,0,0,0,0.015039037,,0,0,,0,0,,0,,0,,0,0,0,0,,,0.033638729,0,0,0,,,,,0,,0,0,,,,,,0,,,0,,,0,,,,0,,0,0.028108952,0,0,0,0,,,0.001589471,,,,,0,,,,0,,0,,,0,,,0,,,,0,,,0,0,,0,0,,,0,0.015688838,,0,0.055875308,0.049478653,,,,,,,0.005273417,,,,,0,,0,0,0,0,2.264848626,,,,,
1934,2.58083033,0,0.032332268,0.025054536,0.05705926,0.083597491,0,2.382786776,0.083597491,2.40601022,0,0,0,0,0,0.016202197,,0,0,,0,0,,0,,0,,0,0,0,0,,,0.034596215,0,0,0,,,,,0,,0,0,,,,,,0,,,0,,,0,,,,0,,0,0.030652487,0,0,0,0,,,0.001679781,,,,,0,,,,0,,0,,,0,,,0,,,,0,,,0,0,,0,0,,,0,0.015943063,,0,0.062053828,0.05705926,,,,,,,0.0056006,,,,,0,,0,0,0,0,2.348190561,,,,,
1935,2.683878357,0,0.034966114,0.026828762,0.064639866,0.090357419,0,2.467086197,0.090357419,2.49098136,0,0,0,0,0,0.017365358,,0,0,,0,0,,0,,0,,0,0,0,0,,,0.035553701,0,0,0,,,,,0,,0,0,,,,,,0,,,0,,,0,,,,0,,0,0.033196022,0,0,0,0,,,0.001770092,,,,,0,,,,0,,0,,,0,,,0,,,,0,,,0,0,,0,0,,,0,0.016197288,,0,0.068232348,0.064639866,,,,,,,0.005927783,,,,,0,,0,0,0,0,2.431532496,,,,,
1936,2.786926384,0,0.03759996,0.028602987,0.072220472,0.097117347,0,2.551385618,0.097117347,2.5759525,0,0,0,0,0,0.018528518,,0,0,,0,0,,0,,0,,0,0,0,0,,,0.036511187,0,0,0,,,,,0,,0,0,,,,,,0,,,0,,,0,,,,0,,0,0.035739557,0,0,0,0,,,0.001860403,,,,,0,,,,0,,0,,,0,,,0,,,,0,,,0,0,,0,0,,,0,0.016451514,,0,0.074410868,0.072220472,,,,,,,0.006254965,,,,,0,,0,0,0,0,2.514874432,,,,,
1937,2.989877347,0,0.044898618,0.086937746,0.079801078,0.103877275,0,2.674362631,0.103877275,2.699601232,0.033457273,0,0,0,0,0.019691679,,0,0,,0,0,,0,,0,,0,0.003017296,0,0,,,0.037468672,0,0,0.023103259,,,,,0,,0.001734228,0,,,,,,0,,,0,,,0,,,,0,,0,0.038283092,0,0,0,0,,,0.001950714,,,,,0,,,,0,,0,,,0.038677591,,,0,,,,0,,,0,0,,0,0,,,0,0.016705739,,0,0.080589387,0.079801078,,,,,,,0.006582148,,,,,0,,0,0,0,0,2.598216367,,,,,
1938,3.175013928,0,0.001896527,0.089074476,0.086442896,0.099784982,0,2.897815046,0.099784982,2.92189793,0.034061135,0,0,0,0,0.019931926,,0,0,,0,0,,0,,0,,0,0,0,0,,,0.039669951,0,0,0.023650825,,,,,0,,0.001859478,0,,,,,,0,,,0,,,0,,,,0,,0,0,0,0,0,0,,,0.001896527,,,,,0,,,,0,,0,,,0.038871256,,,0,,,,0,,,0,0,,0,0,,,0,0.015368444,,0,0.077598625,0.086442896,,,,,,,0.006817912,,,,,0,,0,0,0,0,2.819273839,,,,,
1939,3.403098414,0,0.001842341,0.091211207,0.093084715,0.095692689,0,3.121267461,0.095692689,3.144194628,0.034664998,0,0,0,0,0.020172173,,0,0,,0,0,,0,,0,,0,0,0,0,,,0.04187123,0,0,0.024198391,,,,,0,,0.001984728,0,,,,,,0,,,0,,,0,,,,0,,0,0,0,0,0,0,,,0.001842341,,,,,0,,,,0,,0,,,0.039064921,,,0,,,,0,,,0,0,,0,0,,,0,0.014031149,,0,0.074607864,0.093084715,,,,,,,0.007053676,,,,,0,,0,0,0,0,3.040331311,,,,,
1940,3.631182899,0,0.001788154,0.093347937,0.099726534,0.091600397,0,3.344719877,0.091600397,3.366491326,0.03526886,0,0,0,0,0.02041242,,0,0,,0,0,,0,,0,,0,0,0,0,,,0.044072508,0,0,0.024745957,,,,,0,,0.002109978,0,,,,,,0,,,0,,,0,,,,0,,0,0,0,0,0,0,,,0.001788154,,,,,0,,,,0,,0,,,0.039258585,,,0,,,,0,,,0,0,,0,0,,,0,0.012693854,,0,0.071617102,0.099726534,,,,,,,0.007289441,,,,,0,,0,0,0,0,3.261388783,,,,,
1941,3.859267385,0,0.001733968,0.095484668,0.106368352,0.087508104,0,3.568172292,0.087508104,3.588788024,0.035872723,0,0,0,0,0.020652667,,0,0,,0,0,,0,,0,,0,0,0,0,,,0.046273787,0,0,0.025293523,,,,,0,,0.002235228,0,,,,,,0,,,0,,,0,,,,0,,0,0,0,0,0,0,,,0.001733968,,,,,0,,,,0,,0,,,0.03945225,,,0,,,,0,,,0,0,,0,0,,,0,0.011356559,,0,0.06862634,0.106368352,,,,,,,0.007525205,,,,,0,,0,0,0,0,3.482446255,,,,,
1942,4.08735187,0,0.001679781,0.097621399,0.113010171,0.083415812,0,3.791624707,0.083415812,3.811084722,0.036476585,0,0,0,0,0.020892914,,0,0,,0,0,,0,,0,,0,0,0,0,,,0.048475066,0,0,0.025841088,,,,,0,,0.002360478,0,,,,,,0,,,0,,,0,,,,0,,0,0,0,0,0,0,,,0.001679781,,,,,0,,,,0,,0,,,0.039645915,,,0,,,,0,,,0,0,,0,0,,,0,0.010019264,,0,0.065635579,0.113010171,,,,,,,0.007760969,,,,,0,,0,0,0,0,3.703503727,,,,,
1943,4.315436355,0,0.001625595,0.099758129,0.119651989,0.079323519,0,4.015077123,0.079323519,4.03338142,0.037080448,0,0,0,0,0.021133161,,0,0,,0,0,,0,,0,,0,0,0,0,,,0.050676344,0,0,0.026388654,,,,,0,,0.002485727,0,,,,,,0,,,0,,,0,,,,0,,0,0,0,0,0,0,,,0.001625595,,,,,0,,,,0,,0,,,0.039839579,,,0,,,,0,,,0,0,,0,0,,,0,0.008681969,,0,0.062644817,0.119651989,,,,,,,0.007996733,,,,,0,,0,0,0,0,3.924561199,,,,,
1944,4.543520841,0,0.001571408,0.10189486,0.126293808,0.075231227,0,4.238529538,0.075231227,4.255678118,0.03768431,0,0,0,0,0.021373408,,0,0,,0,0,,0,,0,,0,0,0,0,,,0.052877623,0,0,0.02693622,,,,,0,,0.002610977,0,,,,,,0,,,0,,,0,,,,0,,0,0,0,0,0,0,,,0.001571408,,,,,0,,,,0,,0,,,0.040033244,,,0,,,,0,,,0,0,,0,0,,,0,0.007344675,,0,0.059654055,0.126293808,,,,,,,0.008232497,,,,,0,,0,0,0,0,4.145618671,,,,,
1945,4.771605326,0,0.001517222,0.104031591,0.132935626,0.071138934,0,4.461981953,0.071138934,4.477974816,0.038288173,0,0,0,0,0.021613655,,0,0,,0,0,,0,,0,,0,0,0,0,,,0.055078902,0,0,0.027483786,,,,,0,,0.002736227,0,,,,,,0,,,0,,,0,,,,0,,0,0,0,0,0,0,,,0.001517222,,,,,0,,,,0,,0,,,0.040226908,,,0,,,,0,,,0,0,,0,0,,,0,0.00600738,,0,0.056663294,0.132935626,,,,,,,0.008468261,,,,,0,,0,0,0,0,4.366676143,,,,,
1946,5.02699017,0.003033337,0.004390617,0.106543605,0.139577445,0.088010798,0,4.685434369,0.087773562,4.720998435,0.041925372,0,0,0.003033337,0,0.021853902,,0,0.001840074,,0,0,,0,,0,,0.000375284,0.001280065,0,0,,,0.05728018,0,0,0.028031352,,,,,0,,0.002861477,0,,,,,,0.004237553,,,0.008447753,,,0,,,,0.003745642,,0,0,0,0,0,0.002455899,,,0.001463035,,,,,0,,,,0,,0,,,0.040420573,,,0,,,,0,,,0,0,,0,0,,,0,0.004670085,,0,0.053672532,0.139577445,,,,,,,0.008704025,,,,,0,,0,0,0,0,4.587733616,,,,,
1947,5.56156041,0.003033337,0.004765588,0.120042194,0.170842793,0.08890326,0,5.173973239,0.088428789,5.216600423,0.057418571,0,0,0.003033337,0,0.022510292,,0,0.002120086,,0,0,,0,,0,,4.16982E-05,0.001142915,0,0,,,0.062982853,0,0,0.025454276,,,,,0,,0.003771947,0,,,,,,0.011171731,,,0.006045181,,,0,,,,0.00415725,,0,0.001040537,0,0,0,0.003607101,,,0.001584955,,,,,0,,,,0,,0,,,0.049342979,,,0,,,,3.51659E-05,,,0,0,,0,0,,,0,0.004638742,,0,0.04738656,0.170842793,,,,,,,0.009266972,,,,,0,,0,0,0,0,5.061647407,,,,,
1948,6.287665357,0.003121259,0.020540446,0.110774033,0.188708706,0.156437603,0,5.80808331,0.15608175,5.871706342,0.060528879,0,0,0.003121259,0,0.017259177,,0,0.00964039,,0,0,,0,,0,,0.000125095,0.001645798,0,0,,,0.069445882,0,0,0.015778938,,,,,0,,0.004595705,0,,,,,,0.01379131,,,0.005192655,,,0,,,,0.013171487,,0,0.015998257,0,0,0,0.00448969,,,0.002072633,,,,,0,,,,0,,0,,,0.051749953,,,0,,,,0.000210995,,,0,0,,0,0,,,0,0.004920827,,0,0.094531351,0.188708706,,,,,,,0.010133044,,,,,0,,0,0,0,0,5.686887474,,,,,
1949,6.718713009,0.003165221,0.028804095,0.123177156,0.195036216,0.256113154,0,6.112417166,0.25579684,6.180545773,0.056754353,0,0,0.003165221,0,0.025637794,,0,0.002160087,,0,0,,0,,0,,0.000208491,0,0,0,,,0.07231834,0.000165607,0,0.022334658,,,,,0,,0.004725772,0,,,,,,0.018799327,,,0.004185125,,,0,,,,0.015311853,,0,0.025623224,0,0,0,0.009554981,,,0.002357113,,,,,0,,,,0,,0,,,0.052704443,,,0,,,,0.000246161,,,0,0,,0,0,,,0,0.004262628,,0,0.190190954,0.195036216,,,,,,,0.011085723,,,,,0,,0,0,0,0,5.987394384,,,,,
1950,7.691881529,0.003340461,0.030855295,0.153423104,0.214428176,0.230877689,0,7.058956804,0.230284601,7.169608836,0.059139777,0,0,0.003297105,0,0.029151407,,0,0.01880076,,0,0,,0.002404122,,0,,0.000208491,0,0,8.67114E-05,,,0.081146922,0.008238972,0,0.023058047,,,,,0,,0.005722954,0,,,,,,0.02026321,,,0.005270158,,,0,,,,0.015682301,,0,0.026923896,0,0,0,0.019570443,,,0.002804151,,,,,0,,,,0,,0,,,0.038179597,,,0,,,,0.000281327,,,0,0,,0,0,,,0.016287699,0.005735742,,0,0.130675691,0.214428176,,,,,,,0.011562063,,,,,0,,4.33557E-05,0,0,3.87837E-05,6.939630285,,,,,
1951,9.124233323,0.003603623,0.040690353,0.168607577,0.232703516,0.291592645,0,8.387035609,0.290861856,8.524199006,0.074719687,0,0.000216779,0.003516912,0,0.032047242,,0,0.019320781,,0,0,,0.004313278,,0,,0.000333586,0.00228583,0,8.67114E-05,,,0.095044547,0.005920467,0,0.022108598,,,,,0,,0.006590068,0,,,,,,0.023113927,,,0.006432693,,,0,,,,0.016670163,,0,0.034034232,0,0,0,0.037068721,,,0.003373109,,,,,0,,,,0,,0,,,0.054364426,,,0,,,,0.000316493,,,0,0,,0,0,,,0.016488781,0.008681969,,0,0.162992036,0.232703516,,,,,,,0.011951796,,,,,0,,8.67114E-05,0,0,0,8.237626636,,,,,
1952,9.826656257,0.003690941,0.053198426,0.162583836,0.237616642,0.351910929,0,9.017655483,0.351140601,9.175357406,0.082173001,0,0.000216779,0.003560873,0,0.034672799,,0,0.017920725,,0,0,,0.004383987,,0,,0.000291887,0.00228583,0,0.000130067,,,0.106069714,0.00244271,0,0.009223219,,,,,0,,0,0,,,,,,0.022381986,,,0.007440223,,,0,,,,0.020580448,,0,0.046347254,0,0,0,0.054989107,,,0.003698228,,,,,0,,,,0,,0,,,0.059759369,,,0,,,,0.00101981,,,0,0,,0,0,,,0.016488781,0.009810312,,0,0.199579617,0.237616642,,,,,,,0.013034386,,,,,0,,0.000130067,0,0,0,8.8518264,,,,,
1953,10.39084177,0.003996248,0.067475457,0.188650696,0.255631438,0.418477059,0,9.45661087,0.417094561,9.655625137,0.101150258,0,0.000433557,0.003692758,0,0.026950572,,0,0.022200898,,0,0,,0.003889021,,0,,0.001125851,0.002697279,0,0.000216779,,,0.120812179,0.002898131,0,0.021882539,,,,,0,,0,0,,,,,,0.020186163,,,0.008060241,,,0,,,,0.022597332,,0,0.059223899,0,0,0,0.087491392,,,0.004470386,,,,,0,,,,0,,0,,,0.059759369,,,0.000173423,,,,0.00305943,,,0,0,,0,0,,,0.016488781,0.009998369,,0,0.225448811,0.255631438,,,,,,,0.013813851,,,,,0,,0.000130067,0,0,0.000349054,9.276039321,,,,,
1954,10.8993534,0.004432833,0.078815066,0.207031697,0.279601538,0.467050756,0,9.86242151,0.465510101,10.10263112,0.113754167,0,0.000433557,0.003912565,0,0.027298072,,0,0.025001011,,0,0,,0.004242568,,0,,0.002626987,0.003108729,0,0.000216779,,,0.144425469,0.003726168,0,0.024640462,,,,,0,,0,0,,,,,,0.022728695,,,0.011625348,,,0,,,,0.02296778,,0,0.068588733,0,0,0,0.11385393,,,0.005730222,,,,,0,,,,0,,0,,,0.059759369,,,0.000346846,,,,0.005169382,,,0,0,,0,0,,,0.016488781,0.01122074,,0,0.234756885,0.279601538,,,,,,,0.013943762,,,,,0,,0.000173423,0,0,0,9.658236672,,,,,
1955,11.85682656,0.004389477,0.100313109,0.2210445,0.333534263,0.523420561,0.027469799,10.64665485,0.521425892,10.93047961,0.154684946,0.027469799,0.000650336,0.003912565,0,0.027761406,,0,0.030641239,,0,0,,0.005656758,,0.000226059,,0.002585289,0.003520178,0,0.000260134,,,0.180331187,0.004637009,0.004769128,0.024369191,,,,,0,,0,0,,,,,,0.024423716,,,0.018600557,,,0,,,,0.022432688,,0,0.082722694,0.01435074,0,0,0.139180386,,,0.00633982,,,,,0,,,,0,,0,,,0.076774189,,,0.00030349,,,,0.004747392,,,0,0,,0,0.001573906,,,0.016488781,0.01231774,,0,0.248577965,0.333534263,,,,,,,0.01368394,,,,,0,,0.000173423,0,0,0.001163512,10.38954948,,,,,
1956,12.85829941,0.004871841,0.118879526,0.242419927,0.449141608,0.593739181,0.034805611,11.41444172,0.591152798,11.7467671,0.173454416,0.034805611,0.001083893,0.004308217,0,0.029498907,,0,0.029801205,,0,0,,0.006858819,,0.000263736,,0.003502649,0.003748761,0,0.00030349,,,0.20233928,0.00621028,0.009971813,0.028076564,,,,,0,,0,0,,,,,,0.029816966,,,0.028443351,,,0,,,,0.018604725,,0,0.088662426,0.015608055,0,0,0.17133731,,,0.007193257,,,,,0,,,,0,,0,,,0.074699211,,,0.00030349,,,,0.005310045,,,0,0,,0,0.007829174,,,0.016689864,0.013665483,,0,0.27223095,0.449141608,,,,,,,0.014463405,,,,,0,,0.000260134,0,0,0.00062054,11.13740323,,,,,
1957,13.97057695,0.004830303,0.134914007,0.287559737,0.691671376,0.648314556,0.043323347,12.15996363,0.645353238,12.53155308,0.210372096,0.043323347,0.001300671,0.004440101,0,0.032896687,,0,0.030361228,,0,0,,0.007495204,,0.000301412,,0.006588316,0.003474462,0,0.000260134,,,0.26316779,0.010350467,0.014307384,0.028619106,,,,,0,,0,0,,,,,,0.042991905,,,0.027668328,,,0,,,,0.016917128,,0,0.093995178,0.011662686,0,0,0.191368234,,,0.009916129,,,,,0,,,,0,,0,,,0.098768957,,,0.000130067,,,,0.005063884,,,0,0,,0,0.011703404,,,0.02010827,0.013132654,,0,0.294030379,0.691671376,,,,,,,0.015199566,,,,,0,,0.000260134,0,0,0.001124728,11.79802688,,,,,
1958,15.02656947,0.005139244,0.141958189,0.322900117,1.045342011,0.722501102,0.041856743,12.74687206,0.719164849,13.16465344,0.222986474,0.041856743,0.00151745,0.004835754,0,0.033437243,,0,0.032801326,,0,0,,0.006929528,,0.000226059,,0.012509461,0.003428745,0,0.000390201,,,0.404087171,0.018630841,0.017125505,0.035898215,,,,,0,,0,0,,,,,,0.06441081,,,0.028049666,,,0,,,,0.015435336,,0,0.090483366,0.009321478,0,0,0.198582436,,,0.014955473,,,,,0,,,,0,,0,,,0.15811333,,,4.33557E-05,,,,0.008369476,,,0,0,,0,0.01444765,,,0.017092029,0.012035654,,0,0.334969788,1.045342011,,,,,,,0.015719209,,,,,0,,0.000260134,0,0,0.001861619,12.18467156,,,,,
1959,16.77483298,0.005925704,0.16563946,0.329700711,1.317089992,0.899742796,0.054187825,14.00254649,0.896031607,14.56908151,0.247557963,0.054187825,0.001734228,0.005275368,0,0.033244187,,0,0.045121825,,0,0,,0.006010305,,0.000263736,,0.017805132,0.009509053,0,0.000216779,,,0.499216202,0.024841122,0.019943626,0.017542201,,,,,0,,0,0,,,,,,0.150240527,,,0.031401898,,,0,,,,0.013747739,,0,0.096683232,0.014480807,0,0,0.234730195,,,0.020604415,,,,,0,,,,0,,0,,,0.196292926,,,0.000390201,,,,0.007947485,,,0,0,,0,0.017555106,,,0.016890947,0.013289368,,0,0.374942124,1.317089992,,,,,,,0.016195549,,,,,0,,0.000260134,0,0,0.002404591,13.30703737,,,,,
1960,18.26036465,0.006365318,0.205310823,0.384858761,1.686207198,0.93231973,0.108484901,14.93681792,0.928359857,15.52454852,0.320870807,0.108484901,0.001864296,0.005714982,0,0.053399199,,0,0.058762376,,0,0,,0.005091082,,0.000226059,,0.022308538,0.009829069,0,0.00091047,,,0.625562086,0.034073739,0.022761748,0.01826559,,,,,0,,0,0,,,,,,0.109637061,,,0.036225646,,,0,,,,0.014077026,,0.005816419,0.10539773,0.026143493,0,0,0.247393423,,,0.029707746,,,,,0.040797723,,,,0,,0,,,0.203347852,,,0.000346846,,,,0.011604735,,,0,0,,0,0.025545706,,,0.016689864,0.017207225,,0,0.408668782,1.686207198,,,,,,,0.016628585,,,,,0,,0.00030349,0,0,0.003063914,14.10790798,,,,,
1961,19.61796451,0.010233921,0.233881832,0.455915464,2.195311276,1.041069006,0.116950646,15.56460237,1.036476505,16.26084394,0.345863996,0.116821556,0.001864296,0.009583585,0,0.091006445,,0,0.062242517,,0,0,,0.005161791,,0.001883827,,0.021974952,0.009600486,0,0.000390201,,,0.784349842,0.049723645,0.025579869,0.018853345,,,,,0,,0,0,,,,,,0.15447808,,,0.039477656,,,0,,,,0.01333613,,0.004477387,0.111337462,0.027617587,0,0.00012909,0.263356765,,,0.045516657,,,,,0.042531951,,,,0,,0,,,0.218287694,,,0.000346846,,,,0.015789473,,,0,0,,0,0.031074555,,,0.016890947,0.023005652,,0,0.439776286,2.195311276,,,,,,,0.016671889,,,,,0,,0.00030349,0,0,0.003180265,14.56196483,,,,,
1962,21.4631809,0.016342738,0.267154203,0.517231017,2.736648438,1.183414091,0.139692272,16.60269814,1.177793571,17.3876925,0.387698084,0.139218941,0.001864296,0.015562336,0,0.114983959,,8.27972E-05,0.065402645,,0,0,,0.005232501,,0.002147563,,0.021307781,0.009554769,0,0.000780403,,,1.132424094,0.065000935,0.02839799,0.02676542,,,,,0,,0,0,,,,,,0.182600025,,,0.050808512,,,0,,,,0.013994705,,0.008954774,0.117277194,0.027964433,0,0.000473331,0.274408309,,,0.058074377,,,,,0.057446315,,,,0,,0,,,0.224512628,,,0.000390201,,,,0.017547766,,,8.67114E-05,0,,0,0.03829838,,,0.017293112,0.02573248,,0,0.520043316,2.736648438,,,,,,,0.01740805,,,,,0,,0.00030349,0,0,0.004615263,15.24576142,,,,,
1963,23.48461466,0.021919525,0.306789234,0.555267062,3.34360561,1.299769972,0.165088268,17.79217499,1.290353687,18.6543822,0.433095146,0.164657968,0.001864296,0.017540599,0,0.131509525,,0.000124196,0.067962748,,0.002167785,0,,0.005091082,,0.002034534,,0.020974196,0.009051887,0,0.000693691,,,1.336622022,0.063427664,0.031216111,0.031738724,,,,,0,,0,0.002254497,,,,,,0.187261334,,,0.076759441,,,0,,,,0.025190468,,0.01121439,0.121309275,0.031432889,0,0.000430301,0.278897999,,,0.078597512,,,,,0.065857323,,,,0,,0,,,0.253147326,,,0.000476913,,,,0.020079708,,,0.001344027,0,,0,0.047983956,,,0.017695278,0.030810022,,0.003815302,0.57468292,3.34360561,,,,,,,0.017451354,,,,,0,,0.00030349,0,0,0.006166612,16.20240564,,,,,
1964,25.65938318,0.040764429,0.33180629,0.600845258,4.040897305,1.452478488,0.207156967,18.98543444,1.43978045,19.94625432,0.515268701,0.205909095,0.001864296,0.035344966,0,0.144830367,,0.000124196,0.070562853,,0.002167785,0,,0.004949663,,0.003202507,,0.022183443,0.007908972,0,0.000433557,,,1.57528944,0.05382243,0.034034232,0.037706689,,,,,0,,0,0.002254497,,,,,,0.196083149,,,0.119170785,,,0,,,,0.032270142,,0.013474006,0.118404443,0.032950339,0,0.001247872,0.301768556,,,0.085465651,,,,,0.072664169,,,,0,,0,,,0.290496931,,,0.000476913,,,,0.029363496,,,0.002341208,0,,0,0.060333065,,,0.01801701,0.038583048,,0.003425101,0.6226739,4.040897305,,,,,,,0.017451354,,,,,0,,0.000346846,0,0,0.006903503,17.11964807,,,,,
1965,27.49854712,0.112527957,0.372875691,0.650526918,4.751811758,1.63854047,0.218949574,19.75331475,1.623628236,20.81846181,0.616579675,0.215851409,0.001864296,0.105287553,0,0.163016211,,0.000165594,0.068962789,,0.002167785,0,,0.005798177,,0.003014124,,0.02852157,0.009646203,0.002852606,0.000433557,,,1.725417582,0.053160001,0.036852353,0.040961943,,,,,0,,0,0.00212443,,,,,,0.194465174,,,0.179829294,,,0,,,,0.045606273,,0.016737896,0.136830619,0.015824834,0,0.003098165,0.299389404,,,0.082905339,,,,,0.077780143,,,,0,,0,,,0.308756738,,,0.000563624,,,,0.0612941,,,0.00424886,0,,0,0.071390764,,,0.017574628,0.043190447,,0.003511812,0.6963326,4.751811758,,,,,,,0.018577247,,,,,0,,0.00030349,0,0,0.007330124,17.71914043,,,,,
1966,29.58853862,0.137667566,0.393064732,0.695559117,5.321138851,1.87065068,0.242543028,20.92791465,1.85241471,22.16421723,0.677941352,0.238455172,0.002341208,0.126828639,0,0.176723164,,0.000165594,0.074963031,,0.002601343,0,,0.004454697,,0.003503919,,0.032899881,0.009189037,0.004259371,0.000476913,,,1.605027822,0.04694972,0.039670474,0.049687832,,,,,0,,0,0.00242792,,,,,,0.198818297,,,0.224881891,,,0,,,,0.063922871,,0.015608088,0.137090754,0.026316916,0,0.004087857,0.337494208,,,0.086684847,,,,,0.074398398,,,,0,,0,,,0.314566677,,,0.000433557,,,,0.122834362,,,0.007630605,0,,0,0.080672774,,,0.018378959,0.043127762,,0.003555168,0.750126016,5.321138851,,,,,,,0.020395999,,,,,0,,0.000346846,0,0,0.007136205,19.00832015,,,,,
1967,31.84248577,0.115205108,0.420426598,0.750055932,5.860205554,2.237956667,0.291040112,22.1675958,2.216828075,23.68557425,0.7338039,0.286349834,0.002861477,0.104496248,0,0.185410669,,0.000165594,0.071882907,,0.002601343,0,,0.00530321,,0.003428566,,0.036485927,0.009920502,0.012856267,0.00030349,,,1.752832653,0.051793739,0.042488595,0.052038848,,,,,0,,0.000693691,0.00242792,,,,,,0.214304628,,,0.294035651,,,0,,,,0.084174032,,0.019499649,0.12035545,0.02263168,0,0.004690278,0.356872784,,,0.091561632,,,,,0.117407262,,,,0,,0,,,0.341541392,,,4.33557E-05,,,,0.245844552,,,0.007847383,0,,0,0.09411151,,,0.017212679,0.049145589,,0.004855839,0.833858389,5.860205554,,,,,,,0.023340644,,,,,0,,0.000390201,0,0,0.025209421,20.07322176,,,,,
1968,34.83206365,0.161272415,0.578545037,0.803656641,6.294049474,2.874243931,0.384845963,23.73545019,2.847857999,25.84455639,0.872191467,0.378735693,0.003295034,0.150260065,0,0.206415127,,0.000248392,0.065202637,,0.011706042,0,,0.004596116,,0.002863418,,0.040238765,0.009737636,0.019772861,0.000520269,,,2.024279879,0.062061403,0.045306717,0.054841983,,,,,0,,0.00060698,0.00242792,,,,,,0.218888891,,,0.456781262,,,0,,,,0.110475845,,0.025274223,0.185865927,0.031259467,0,0.00611027,0.39916029,,,0.098145291,,,,,0.144764714,,,,0,,0,,,0.366441129,,,0.00182094,,,,0.496330999,,,0.006373289,0,,0,0.105613131,,,0.019143073,0.08017501,,0.022241479,0.883864104,6.294049474,,,,,,,0.027324576,,,,,0,,0.000390201,0,0,0.085285409,21.34472918,,,,,
1969,38.25272914,0.135287242,0.587042456,0.846363141,6.741441711,3.711107548,0.573256809,25.65823023,3.678428623,28.54351045,1.037950898,0.562810968,0.003815302,0.127136369,0,0.207187349,,0.010970632,0.059322399,,0.01344027,0,,0.003889021,,0.004182097,,0.050913505,0.008731871,0.02051532,0.000737047,,,2.374719683,0.075848225,0.05527853,0.060493465,,,,,0,,0.00060698,0.003078255,,,,,,0.250632017,,,0.654205722,,,0,,,,0.133155499,,0.030504815,0.112898268,0.03880336,0,0.00611027,0.458946074,,,0.106395185,,,,,0.16158673,,,,0,,0,,,0.418730577,,,0.001907651,,,,0.769921418,,,0.002774765,0,,0,0.130109566,,,0.019505022,0.122863972,,0.036852353,0.970578285,6.741441711,,,,,,,0.030745561,,,,,0,,0.000390201,0,0,0.203653335,22.86477997,,,,,
1970,42.34555533,0.144100057,0.70093588,0.94114208,7.36764196,4.816529986,0.950516803,27.42468856,4.773651319,31.4162196,1.45455544,0.937380303,0.00424886,0.121685155,0.001864296,0.232245976,,0.062222116,0.075883069,,0.015174498,0,,0.003606183,,0.003993714,,0.052706527,0.010240518,0.018522403,0.000390201,,,2.723765501,0.093526823,0.073704706,0.06619016,,,,,0,,0.00060698,0.003685235,,,,,,0.265039699,,,1.00016051,,,0,,,,0.142787148,,0.028287044,0.13318874,0.034034232,0,0.005766029,0.503996467,,,0.095869458,,,,,0.175200422,,,,0.009755035,,0,,,0.485129875,,,0.002081074,,,,1.113632568,,,0.004812484,0,,0,0.14064263,,,0.019143073,0.162418649,,0.043442421,1.0198184,7.36764196,,,,,,,0.032477705,,,,,0,,0.000216779,0,0,0.435308518,24.21579318,,,,,
1971,45.27688384,0.174227938,0.809748489,1.014425629,7.905592043,5.90199306,1.153867159,28.31702952,5.850486529,33.41036351,1.676155166,1.139947,0.005462819,0.127663906,0.001864296,0.248925986,,0.092650096,0.075643059,,0.022111412,0.018038281,,0.003747602,,0.002675035,,0.049078784,0.010057652,0.012778114,0.00030349,,,2.98921436,0.134349067,0.098200682,0.070666133,,,,,0,,0.00060698,0.003685235,,,,,,0.275402443,,,1.311283449,,,0,,,,0.15250112,,0.031550934,0.148796795,0.037719467,0,0.005335729,0.51604572,,,0.098876809,,,,,0.195100693,,,,0.030739198,,0.00364188,,,0.480149928,,,0.002254497,,,,1.538225206,,,0.007977451,0,,0,0.140239064,,,0.019303939,0.167778276,,0.043572488,1.076633918,7.905592043,,,,,,,0.001125894,,,,,0,,4.33557E-05,0.000534082,0,0.719321729,24.84766524,,,,,
1972,47.97508778,0.301148134,0.95448737,1.157166673,8.240131264,7.123966225,1.323539048,28.87464906,7.068037868,35.23916307,1.924334964,1.308361573,0.006286578,0.157293889,0.002471275,0.242786816,,0.131978779,0.078523175,,0.048991952,0.024154933,,0.003889021,,0.050561927,,0.051789167,0.02070962,0.008596896,0.000737047,,,3.4850512,0.150868413,0.110557059,0.078080878,,,,,0,,0.000737047,0.003078255,,,,,,0.289578985,,,1.622625059,,,0,,,,0.168183421,,0.038790074,0.178885658,0.040494233,0,0.005335729,0.539606998,,,0.100583683,,,,,0.222241367,,,,0.12278337,,0.005115974,,,0.49882473,,,0.002818121,,,,2.054389752,,,0.011836109,0,,0,0.153153165,,,0.019545238,0.182509416,,0.047821348,1.088440264,8.240131264,,,,,,,8.66072E-05,,,,,0,,0.000867114,0.000534082,0,1.031608275,24.89077313,,,,,
1973,50.67259553,0.430968278,1.212498719,1.292759379,8.796207805,8.094781814,1.552575714,29.29280382,8.033462538,36.56458555,2.282408428,1.54166766,0.008237585,0.208596843,0.002818121,0.259814326,,0.169651517,0.090803672,,0.069455847,0.028674243,,0.004454697,,0.076709452,,0.049203878,0.13161809,0.00867505,0.000650336,,,3.731364423,0.150454394,0.127899343,0.083280242,,,,,0,,0.00121396,0.002471275,,,,,,0.290696158,,,1.866544552,,,0,,,,0.19843668,,0.038204248,0.218122575,0.052460409,0,0.002323624,0.584887631,,,0.105460468,,,,,0.228354522,,,,0.19644472,,0.005115974,,,0.543644257,,,0.002557987,,,,2.490938782,,,0.01313678,0,,0,0.177568887,,,0.020510435,0.188903357,,0.068502021,1.190547017,8.796207805,,,,,,,0.000129911,,,,,0,,0.004942551,0.000534082,0,1.118445033,25.01779514,,,,,
1974,51.81034211,0.458639537,1.619122251,1.32021553,9.679974966,8.910702666,1.737550218,28.08413694,8.843661817,36.14712508,2.512175857,1.726906206,0.008801209,0.247107029,0.002948188,0.279621838,,0.193579915,0.088243568,,0.088272225,0.033115634,,0.002156639,,0.075729861,,0.062046925,0.228582998,0.007033824,0.000867114,,,3.642909632,0.140766357,0.350747691,0.073333633,,,,,0,,0.00121396,0.002601343,,,,,,0.293855061,,,1.976664762,,,0,,,,0.209673604,,0.042263187,0.248514927,0.051549939,0,0.002839985,0.586077207,,,0.104525751,,,,,0.229438415,,,,0.176674517,,0.01070886,,,0.578918884,,,0.003078255,,,,2.94426193,,,0.017515707,0.000492322,,0,0.1856402,,,0.021314766,0.179876616,,0.056362422,1.226570473,9.679974966,,,,,,,0.000129911,,,,,0,,0.008714498,0.000534082,0,1.329118221,23.86230842,,,,,
1975,51.98414589,0.653767877,1.776805215,1.348176947,10.76674356,9.164449378,1.766836495,26.50736641,9.085375053,34.72831144,2.677998007,1.755193348,0.013006713,0.419040065,0.002818121,0.29498907,,0.20806943,0.094363816,,0.089963097,0.025947073,,0.001803091,,0.077990454,,0.067759578,0.274299598,0.000429845,0.009408189,,,3.695585432,0.141014768,0.401040314,0.081245708,,,,,0,,0.001344027,0.002384564,,,,,,0.282760376,,,1.80335254,,,0,,,,0.213295763,,0.052389614,0.272837481,0.071710344,0,0.002581804,0.558793707,,,0.098998728,,,,,0.225623113,,,,0.200953714,,0.012876646,,,0.597676686,,,0.001994363,,,,3.194924206,,,0.017428995,0.006857343,,0,0.201782826,,,0.045766423,0.186897415,,0.095772763,1.342055065,10.76674356,,,,,,,0.000129911,,,,,0,,0.009148055,0.000534082,0,1.406569318,22.21410429,,,,,
1976,54.20924899,0.703219489,2.074491388,1.423114094,11.94607992,9.817258254,1.822773997,26.42231185,9.721380564,35.26483757,2.793800417,1.810696641,0.015174498,0.436668586,0.002471275,0.297691849,,0.245452378,0.085763468,,0.094428736,0.034557138,,0.001202061,,0.080024988,,0.068385051,0.317867517,0.001445842,0.01040537,,,3.702513123,0.16631131,0.444396023,0.077357488,,,,,0,,0.001344027,0.01647517,,,,,,0.267274045,,,1.925690903,,,0,,,,0.250340569,,0.063352936,0.383221117,0.09135048,0,0.002495744,0.600275372,,,0.101315201,,,,,0.241794792,,,,0.207196936,,0.015347921,,,0.679140326,,,0.003728591,,,,3.42170886,,,0.027400808,0.011499237,,0,0.207473102,,,0.048460931,0.209965752,,0.063993027,1.463906218,11.94607992,,,,,,,0.000129911,,,,,0,,0.009278122,0.000801123,0,1.493677562,22.0406584,,,,,
1977,59.33853469,0.663932827,2.324473636,1.516729755,16.22831593,9.968612942,1.944108265,26.69236134,9.77304518,35.79685252,2.909119415,1.932984409,0.015174498,0.379562728,0.003078255,0.300664907,,0.280103017,0.095723871,,0.102492897,0.035686966,,0.00134348,,0.084508497,,0.075390349,0.414649558,0.000390768,0.010795572,,,3.86590526,0.156954488,0.542379927,0.095035325,,,,,0,,0.001734228,0.019770204,,,,,,0.292699365,,,1.95311833,,,0,,,,0.272114683,,0.068248771,0.350140711,0.068502021,0,0.002452714,0.526368169,,,0.113954201,,,,,0.258443385,,,,0.218989689,,0.01404725,,,0.705160551,,,0.003728591,,,,3.407537017,,,0.028831547,0.104548112,,0,0.203679585,,,0.048983746,0.228677434,,0.069672625,1.421637085,16.22831593,,,,,,,0.000173214,,,,,0,,0.009971813,0.000839272,0,1.573261764,22.12129553,,,,,
1978,57.52758051,0.927117048,2.661543679,1.505958762,13.85330335,10.24206079,2.045684805,26.29191207,9.630352246,35.65550909,3.221130199,2.027968927,0.015347921,0.619811779,0.003078255,0.283907674,,0.303203443,0.096563905,,0.112724845,0.037829742,,0.00134348,,0.082963759,,0.080602624,0.40642057,0.001250458,0.012139599,,,3.697359597,0.144906544,0.596791343,0.12460388,,,,,0,,0.001734228,0.031649668,,,,,,0.293161643,,,2.089546732,,,0,,,,0.302367942,,0.072433245,0.52911308,0.069759337,0,0.002194534,0.525792568,,,0.107329902,,,,,0.271406742,,,,0.222024589,,0.104530616,,,0.875350253,,,0.003511812,,,,3.120267077,,,0.034641212,0.519012981,,0.006850202,0.209329504,,,0.036315536,0.250460714,,0.064123094,1.432194295,13.85330335,,,,,,,0.000649554,,,,,0,,0.012399733,0.000839272,0,1.516753878,21.71920222,,,,,
1979,62.02935219,1.547208089,2.92485078,1.6719526,15.13380544,10.61375813,2.459619411,27.67815774,9.764340784,37.48820268,4.237381408,2.443426519,0.015781478,1.140314755,0.003078255,0.336650484,,0.346961777,0.09248374,,0.126425249,0.043323041,,0.00134348,,0.090838157,,0.079643566,0.427907372,0.005353522,0.014784297,,,3.988745056,0.16188131,0.630175239,0.13848392,,,,,0,,0.00151745,0.048254905,,,,,,0.299286834,,,2.122155576,,,0,,,,0.268410203,,0.080551125,0.644135778,0.096683232,0,0.002926045,0.516736441,,,0.098104651,,,,,0.373379371,,,,0.29416849,,0.129720283,,,1.075087643,,,0.002904833,,,,3.29324796,,,0.044179468,0.758914502,,0.013266847,0.274303574,,,0.023969058,0.229899805,,0.189117605,1.37231638,15.13380544,,,,,,,0.000433036,,,,,0,,0.014307384,0.001297057,0,1.562673807,22.61432504,,,,,
1980,57.82719934,0.819549652,2.849691319,1.446098005,16.87981354,9.267951146,1.575215128,24.98888055,8.101132276,33.35698233,2.629601972,1.52150212,0.011056231,0.512134777,0.010171733,0.303365237,,0.348043203,0.078882565,,0.11056231,0.0496844,,0.001558221,0,0.077833969,0,0.059786013,0.405103694,0.004485852,0.012161855,0,0,2.963009706,0.089759273,0.613800371,0.125451793,0.000552812,,0.000663374,0,0,0,0.004118367,0.033168694,0,,,0,0,0.294494915,0.002764058,,0.738024004,0,0,0,0,0,0,0.237170422,0,0.06198776,0.759680248,0.068548634,0.034129647,0.005485876,0.478563759,0,0,0.090686444,0,,0,,0.269772049,,,0,0.199012169,,0.061678355,0,0,1.003614353,0,,0.002764058,0,,0,3.207903593,0,0,0.04201368,1.06033691,,0.030957447,0.294463233,0,0,0.045069717,0.211478149,0,0.203434644,1.355893045,16.87981354,0,,0,,,0,0,0,0,0,,0,0,0.016967671,0,,1.458548105,21.02225649,0,,0,0,0
1981,58.68518297,1.257418629,3.029300111,1.602962259,17.33259042,9.124749571,1.60520172,24.73296026,7.939826797,32.97014712,3.199343404,1.55429068,0.012161855,0.961966034,0.009729484,0.374872754,,0.406977015,0.058433292,,0.132674777,0.05962128,,0.001244064,0,0.076848722,0,0.059786013,0.439716995,0.004186795,0.013267477,0,0,2.853331414,0.089759273,0.546950824,0.134322123,0.000663374,,0.000331687,0,0,0,0.002608299,0.055281155,0,,,0,0,0.277622278,0.002321808,,0.759230481,0,0,0,0,0,0,0.229519752,0,0.077788558,0.770134646,0.02542933,0.052261019,0.005485876,0.535818542,0,0,0.086035847,0,,0,,0.11056231,,,0,0.121618543,,0.06828675,0,0,1.077488346,0,,0.003537994,0,,0,2.977553896,0,0,0.084027359,1.073309752,,0.036485562,0.325350995,0,0,0.055210406,0.188317081,0,0.173582827,1.401089467,17.33259042,0,,0,,,0,0,0,0,0,,0.042239658,0,0.018272877,0,,1.45455013,20.8021405,0,,0,0,0
1982,58.60280099,1.506423896,3.082578466,1.680189022,18.65125992,8.715557212,1.519563361,23.44722911,7.579851035,31.19479809,3.315559947,1.46179851,0.011056231,1.173797976,0.011056231,0.432295474,,0.448119526,0.053850291,,0.143731002,0.064589722,,0.001224317,0,0.085535315,0,0.053773203,0.41535947,0.002990568,0.017689969,0,0,2.941600714,0.051743585,0.463085033,0.134322123,0.000663374,,0.000331687,0,0,0,0.002745578,0.103928568,0,,,0,0,0.257133938,0.002211246,,0.652919578,0,0,0.003340735,0,0,0,0.250624804,0,0.105543186,0.782912131,0.026534954,0.076791702,0.003291526,0.549817819,0,0,0.083710561,0,,0,,0.11056231,,,0,0.132674777,,0.061678355,0,0,1.160893714,0,,0.003316869,0,,0,2.534791464,0,0,0.055281155,1.02965717,,0.045330551,0.364475472,0,0,0.051830177,0.173342061,0,0.205645903,1.525379649,18.65125992,0,,0,,,0,0,0,0,0,,0.0496316,0,0.0234937,0.001085559,,1.497644109,19.34473468,0,,0,0,0
1983,59.25796784,2.05093659,3.423309958,1.736593768,19.96676463,8.980462956,1.678042957,21.42185699,7.837834692,29.41048091,3.924439337,1.610522225,0.012161855,1.637335979,0.013267477,0.482134052,,0.469246747,0.048994838,,0.154787235,0.068564473,,0.000680481,0,0.088703287,0,0.066632009,0.42433331,0.003488996,0.021006839,0,0,2.758482223,0.048575609,0.523857315,0.129253357,0.000773936,,0.000331687,0,0.001745554,0,0.004118367,0.12493541,0,,,0,0,0.260047419,0.005859803,,0.714612683,0,0,0.003188883,0,0,0,0.241388041,0,0.125703122,0.893263242,0.019901216,0.082861541,0.00219435,0.492653806,0,0,0.086035847,0,,0,,0.137097273,,,0,0.154787235,,0.163007071,0,0,1.140897473,0,,0.003537994,0,,0,2.696405628,0,0,0.089555468,1.04203557,,0.05638678,0.352120376,0,0,0.051830177,0.169106489,0,0.192378419,1.581875365,19.96676463,0,,0,,,0,0.002929743,0,0,0,,0.060191518,0,0.020883288,0.002713898,,1.537855225,17.52247729,0,,0,0,0
1984,65.21655615,2.187332221,4.001667809,1.987711313,22.60646373,9.074724077,2.219367945,23.13928905,7.854774894,31.31906456,4.596866285,2.156066536,0.012161855,1.694655155,0.013267477,0.535222969,,0.490839624,0.051273667,,0.147047877,0.094400366,,0.00147163,0,0.097151215,0,0.086504718,0.388438044,0.002990568,0.02542933,0,0,2.998966405,0.050687595,0.532365436,0.181208141,0.000773936,,0.000110562,0,0.012800729,0,0.005491156,0.15810411,0,,,0,0,0.247266743,0.005859803,,0.752926169,0,0,0.003495015,0,0,0,0.25197225,0,0.134004266,1.203407947,0.022112463,0.08711085,0.00219435,0.522060047,0,0,0.087198505,0,,0,,0.159209727,,,0,0.17911094,,0.35795472,0,0,1.124097687,0,,0.002211246,0,,0,2.718882464,0,0,0.107245443,1.098750716,,0.051964284,0.34914882,0,0,0.051830177,0.186254734,0,0.231075224,1.511820781,22.60646373,0,,0,,,0,0.009342674,0,0,0,,0.073919403,0,0.026104111,0.001519783,,1.495106573,19.01622496,0,,0,0,0
1985,67.71495144,2.246944,4.455857936,2.046912013,24.74570794,9.2739623,2.63661962,22.30894763,8.052456747,30.81749876,4.998391093,2.568536679,0.011056231,1.694655155,0.0143731,0.541723646,,0.523637675,0.046759304,,0.181322198,0.099368799,,0.00157744,0,0.093983243,0,0.107546403,0.378182222,0.003987424,0.030957447,0,0,3.269072992,0.046463628,0.555458946,0.182475331,0.002211246,,0.000221125,0,0.050039214,0,0.005491156,0.19348404,0,,,0,0,0.209257386,0.002211246,,0.696548902,0,0,0.003343058,0,0,0,0.271533432,0,0.160093594,1.325374915,0.02542933,0.092422492,0.00219435,0.537006504,0,0,0.091849089,0,,0,,0.154787235,,,0,0.199012169,,0.48131143,0,0,1.108737197,0,,0.003316869,0,,0,2.8406658,0,0,0.119407297,1.089405234,,0.060809272,0.359998054,0,0,0.05295692,0.192264383,0,0.211174011,1.43611678,24.74570794,0,,0,,,0,0.010677342,0,0,0,,0.135166911,0,0.018272877,0.002171119,,1.660257286,17.93113744,0,,0,0,0
1986,68.98649741,2.265484853,4.79193364,2.080342577,26.21400614,9.202972768,2.916927986,21.51482945,7.916493167,29.91634697,5.282646068,2.828855549,0.015478724,1.657273018,0.015478724,0.592645685,,0.571591314,0.04443718,,0.199012169,0.112286748,,0.001023573,0,0.097151215,0,0.105208435,0.375618301,0.004979,0.04201368,0,0,3.064559242,0.027455778,0.588276006,0.182475331,0.000442249,,0.000221125,0,0.083786589,0,0.004118367,0.221124619,0,,,0,0,0.164712497,0.001105623,,0.637719631,0,0,0.004555547,0,0,0,0.259191013,0,0.218780321,1.378808113,0.049753042,0.062801925,0.001536045,0.602130587,0,0,0.086035847,0,,0,,0.191272802,,,0,0.218913382,,0.581538733,0,0,0.983324534,0,,0.003316869,0,,0,2.605595737,0,0,0.128252285,1.13029951,,0.077393618,0.386628045,0,0,0.055210406,0.174726477,0,0.213385269,1.514080565,26.21400614,0,,0,,,0,0.015773346,0,0,0,,0.118271054,0,0.019578083,0.017385844,,1.740979501,17.46694567,0,,0,0,0
1987,72.28904947,2.543228202,5.075222379,1.988647145,27.47405542,9.435449713,3.354631503,22.41781511,8.101995505,31.09855905,5.893299634,3.241528579,0.017689969,1.90025672,0.017689969,0.570976734,,0.585944335,0.046716013,,0.239920211,0.13017313,,0.001118295,0,0.096095228,0,0.122743176,0.394847914,0.00438152,0.044224926,0,0,3.325892767,0.027455778,0.600430453,0.137342251,0.002211246,,0.000884498,0,0.107060646,0,0.002608299,0.245448324,0,,,0,0,0.152823094,0.004533055,,0.712483796,0,0,0.005166544,0,0,0,0.255076867,0,0.275906293,1.472896939,0.145942248,0.062801925,0.002304068,0.616158377,0,0,0.089523795,0,,0,,0.206751519,,,0,0.208962778,,0.606870966,0,0,0.996642661,0,,0.002321808,0,,0,2.613148138,0,0,0.144836631,1.1938723,,0.088449851,0.41325804,0,0,0.046107755,0.175273478,0,0.218913382,1.48809272,27.47405542,0,,0,,,0,0.030174958,0,0,0,,0.139390881,0,0.016967671,0.010866152,,1.831519135,18.09527968,0,,0,0,0
1988,75.87609291,2.710390496,5.466239337,2.125565363,29.46109897,9.01996593,3.663311272,23.42952154,7.630696287,31.73594543,6.39471513,3.562779189,0.027640577,2.037324513,0.019901216,0.684738663,,0.611276526,0.049901937,,0.201223407,0.149053203,,0.000664007,0,0.10348717,0,0.11339131,0.389719984,0.00039832,0.040908056,0,0,3.838273644,0.036959702,0.596784086,0.143228351,0,,0.000773936,0,0.10822435,0,0.003843809,0.269772049,0,,,0,0,0.126009353,0.003869681,,0.678751242,0,0,0.006247563,0,0,0,0.227539781,0,0.376788324,1.608803105,0.223335874,0.075575202,0.001536045,0.626685541,0,0,0.086035847,0,,0,,0.254293312,,,0,0.214490886,,0.63991294,0,0,1.00727864,0,,0.002321808,0,,0,2.309161923,0,0,0.147047877,1.205329855,,0.080710489,0.438901742,0,0,0.043164711,0.173947154,0,0.228863986,1.446285889,29.46109897,0,,0,,,0,0.037416948,0,0,0,,0.203806357,0,0.015662466,0.003256678,,1.763887075,18.58396926,0,,0,0,0
1989,78.43412402,2.888706084,5.681586608,2.432594415,30.45678784,9.090961487,4.085923885,23.7975637,7.667370738,32.39319946,7.031289962,3.936280172,0.027640577,2.129533633,0.016584347,0.780082022,,0.627797513,0.053304336,,0.205645903,0.162964839,,0.00052958,0,0.112991098,0,0.143784865,0.393565932,0.00039832,0.04201368,0,0,3.990779802,0.060191518,0.613800371,0.143228351,0,,0.001216185,0,0.12684359,0,0.003843809,0.3018351,0,,,0,0,0.121232047,0.003537994,,0.659192154,0,0,0.006247563,0,0,0,0.219428697,0,0.382865552,1.692437533,0.237708974,0.085324112,0.001536045,0.641198079,0,0,0.082547916,0.003095745,,0,,0.318419458,,,0,0.234392099,,0.667447891,0,0,0.960213105,0,,0.002321808,0,,0,2.523462779,0,0,0.183533431,1.244285392,,0.109456689,0.468490653,0,0,0.040221661,0.161566703,0,0.237708974,1.276799369,30.45678784,0,,0,,,0,0.066210666,0,0,0,,0.192190457,0,0.016967671,0.006513355,,1.725632744,18.8465708,0,,0,0,0
1990,79.94976215,2.972087552,6.127235574,2.312770536,31.18377919,8.836353212,3.984473257,24.53306284,7.561820036,33.26685904,6.892513968,3.764147573,0.009952881,2.226727139,0.021005861,0.682593473,,0.823796945,0.047852256,,0.22665403,0.160977461,,0.000446178,0,0.112991098,0,0.120356633,0.407667619,0.000351517,0.04201368,0,0,4.121393057,0.069695441,0.617446655,0.14813343,0,,0.00126041,0,0.129170999,0,0.005491156,0.316201874,0,,,0,0,0.117213996,0.003316869,,0.598949951,0,0,0.005922,0,0,0,0.177089783,0,0.484963031,1.860868268,0.163631126,0.087370624,0.001161909,0.653598543,0,0,0.094605071,0.00507481,,0,,0.163597472,,,0,0.242126416,,0.552321944,0,0,1.059405556,0,,0.002211246,0,0,0,2.536891354,0,0,0.144835681,1.124436692,,0.109454993,0.475394728,0,0,0.018639307,0.111011105,0,0.245450518,1.131040825,31.18377919,0,,0,,,0,0.058987687,0,0,0,,0.219646227,0,0.015662466,0.008127343,,1.905923218,19.35226422,0,,0,0,0
1991,80.83225259,3.243264197,6.452440426,2.485748643,30.58835342,9.259039391,4.145601195,24.65780532,8.008675239,34.06536108,7.255577239,3.894299634,0.005512276,2.408653228,0.022112463,0.776684266,,0.857979362,0.049979021,,0.257610187,0.171908028,,0.00038349,0,0.109823113,0,0.147480302,0.337556119,0.000339294,0.038983839,0,0,4.348955601,0.054911557,0.639324695,0.152057496,0,,0.001304635,0,0.161754669,0,0.004428844,0.354905025,0,,,0,0,0.132541716,0.003923406,,0.629924282,0,0,0.006205006,0,0,0,0.179349592,0,0.545735354,2.107278321,0.043119301,0.089590319,0.001161909,0.656807725,0,0,0.09933497,0.00507481,,0,,0.019901216,,,0,0.255343667,,0.628168966,0,0,1.059459357,0,,0.001519318,0,0,0,2.868284445,0,0,0.18574469,1.113302316,,0.119097721,0.526682107,0,0,0.018015638,0.123267996,0,0.297913471,0.933374,30.58835342,0,,0,,,0,0.055376195,0,0,0,,0.249213995,0,0.0110624,0.007782314,,2.121497489,19.24939036,0,,0,0,0
1992,81.29468619,3.391928007,6.832261837,2.467220756,29.37219035,9.32040047,4.622315174,25.28836959,8.065541378,34.94505136,7.783580392,4.357231469,0.003971043,2.455476809,0.022255696,0.782919081,0,0.91699369,0.054232554,0.304551634,0.207719826,0.20493781,0.011213447,0.000221408,0,0.116159069,0,0.16155266,0.348586428,0.001476777,0.038387298,0,0,4.85452468,0.058548973,0.648144608,0.147932372,0,0.071061715,0.00134886,0,0.168783431,0,0.004848004,0.385999652,0,,0,0,0,0.129613204,0.003904509,0.000784992,0.639165722,0,0,0.006099407,0,0,0,0.178772864,0,0.57946702,2.222959144,0.111668927,0.088437374,0.000833853,0.685655112,0,0,0.098407703,0.005859803,0.316263499,0,,0.102298111,0.003850663,0,0,0.264399497,0,0.702071178,0,0,1.029895064,0,,0.000936813,0,0,0,2.886320928,0,0,0.191320896,1.199133894,,0.129239214,0.54316805,0,0,0.017532504,0.119150517,0,0.492748553,0.827815352,24.07307507,0,0.033031595,0,,0.000577237,0.049196801,0.050718326,0,0,0,0.00390285,0.262941888,0,0.018437334,0.007590632,0.805126664,2.157439451,19.40394985,0,1.620051738,0,0,0
1993,82.64370786,3.370332905,7.286567984,2.63405349,28.73272488,9.743427451,4.896583123,25.98001803,8.574791216,36.15432943,7.960787195,4.600255334,0.0011675,2.370107412,0.021865246,0.838649702,0,0.984226538,0.056359323,0.265506554,0.258478428,0.225344935,0.011213447,0.000178158,0,0.10888329,0,0.16034175,0.356333105,0.002584307,0.043236183,0,0,5.27300832,0.065260275,0.678620116,0.154019531,0,0.080745226,0.001382029,0,0.187105333,0,0.004845945,0.440818961,0,,0,0,0,0.134285958,0.003904509,0,0.640463923,0,0,0.004336934,0,0,0,0.180882685,0,0.646416841,2.27063612,0.099564959,0.100390977,0.001162403,0.730130274,0,0,0.101589114,0.007809016,0.261601492,0,,0.211624008,0.001541061,0,0,0.248326703,0,0.832499293,0,0,1.082424708,0,,0.001170855,0,0,0,2.936263423,0,0,0.197177719,1.122149988,,0.154618017,0.57501059,0,0,0.033256447,0.152387914,0,0.527108574,0.786826831,23.21976671,0.000670517,0.037561366,0,0.009161348,0.000715267,0.07008766,0.027743675,0,0,0,0,0.327799665,0,0.016203324,0.007667305,0.739643521,2.535469433,19.624585,0,1.703333052,0,0,0
1994,83.5246323,3.265152556,7.980602353,2.796895719,27.14897228,9.845686594,5.184157568,27.30316523,8.583334752,37.74183873,8.17243073,4.869798211,0.001168602,2.251299552,0.02029924,0.867867411,0,1.062455682,0.050882896,0.249107943,0.253397755,0.245261157,0.011213447,4.87868E-05,0,0.11076295,0,0.167150785,0.36235495,0.002216315,0.056207258,0,0,5.755448259,0.072345978,0.715533247,0.159366066,0,0.070284461,0.00134886,0,0.202190415,0,0.004845945,0.468142939,0,0,0,0,0,0.13860504,0.00390285,0,0.664395505,0,0,0.00221169,0,0,0,0.174754369,0,0.721537495,2.539714806,0.123763449,0.102127737,0.001163006,0.770376224,0,0,0.100682605,0.010934613,0.175705623,0,,0.233098516,0.00135526,0,0,0.249494912,0,0.947556995,0,0,1.116379573,0,,0.001171961,0,0,0,2.785402929,0,0,0.177651513,1.222777926,,0.165942972,0.618595053,0,0,0.033952968,0.144216901,0,0.527094758,0.729825433,22.83257731,0.001338564,0.030736324,0,0.010573573,0.000354444,0.076527913,0.008406439,0,0,0,0.001293579,0.360980135,0,0.015323113,0.007628968,0.70111508,2.71610536,20.4313374,0,1.786603647,0,0,0
1995,84.75323243,3.612964877,8.507625184,2.95894878,26.58392594,10.28322101,5.51606541,27.29048124,8.932612337,38.23808289,8.888892904,5.235662574,0.001168602,2.55668646,0.021865246,0.974654174,0,1.177376601,0.05565749,0.256493508,0.253397755,0.269071204,0.011596719,0,0,0.124016654,0,0.17491528,0.402386402,0.001848545,0.064465834,0,0,6.040939034,0.070857035,0.73796742,0.157629671,0,0.076918198,0.00160139,0,0.219131531,0,0.005820625,0.48532431,0,0,0,0,0,0.130041556,0.00390285,0,0.703210909,0,0,0.001993765,0,0,0,0.176380573,0,0.762753317,2.575500432,0.123774511,0.104742959,0.000778994,0.760926198,0.001558929,0,0.102277227,0.011321581,0.187038273,0,,0.233098516,0.001359916,0,0,0.247549017,0,1.134083959,0,0,1.098853963,0,,0.000784992,0,0,0,2.831944486,0,0,0.202638612,1.273791948,,0.162825117,0.637058464,0,0,0.032216568,0.147548857,0,0.527105811,0.718714797,22.358933,0.001680325,0.035379938,0,0.012301985,0.000354444,0.076531233,0.017663634,0,0,0,0.00152576,0.388214164,0,0.014442902,0.006977247,0.685364757,2.96401592,20.15068824,0,1.820462927,0,0,0
1996,87.09044326,3.74737439,9.137551826,3.171742507,25.58227642,11.61907174,5.984795944,27.84763043,9.888418281,40.2915815,9.472059011,5.668394677,0.001167996,2.611228699,0.021865246,1.035446091,0,1.213108302,0.056029654,0.261601492,0.25652617,0.276009569,0.011596719,7.94106E-05,0,0.120418832,0,0.195859383,0.396355694,0.001475548,0.062889801,0,0,6.157300254,0.070874092,0.873477346,0.164215327,0,0.070284461,0.001678939,0,0.265992081,0,0.005817605,0.523204048,0,0,0,0,0,0.112031856,0.003904509,0,0.760153105,0,0,0.002155422,0,0,0,0.16763966,0,0.760408709,2.742564512,0.126506063,0.100967445,0.000774935,0.762057053,0.014056229,0,0.099911099,0.010542171,0.165556003,0,,0.233099135,0.00093978,0,0,0.250669427,0,1.2966569,0,0,1.262947215,0,,0.000784992,0,0,0,3.20471187,0,0,0.213186145,1.695388892,,0.160865732,0.686868195,0,0,0.033605247,0.146250484,0,0.534917584,0.666424344,21.16573436,0.002011549,0.026199248,0,0.011241403,0.000388816,0.071876391,0.019828561,0,0,0,0.001094567,0.441951909,0,0.034587154,0.007897324,0.710617149,3.532231752,20.42738296,0,1.820462927,0,0,0
1997,87.30356701,4.101695975,9.539106028,3.351263152,24.19005552,11.23113308,6.881057233,28.00925603,9.298972502,40.11678806,10.60046573,6.510533214,0.000778664,2.895761283,0.022255696,1.067012135,0,1.203451154,0.053626234,0.232708674,0.311189294,0.278565209,0.007734431,0,0,0.123536474,0,0.214087869,0.395064606,0.001478269,0.059352253,0,0,6.224945963,0.083404318,0.983241677,0.206828163,0,0.062472126,0.02928381,0,0.32257389,0,0.004848004,0.527108574,0,0,0,0,0,0.099041819,0.003904509,0.002342704,0.748838404,0,0,0.002100081,0,0,0,0.15641302,0,0.782773674,2.729556795,0.119087501,0.088713996,0.000774935,0.735037329,0.023427049,0,0.104545941,0.011323073,0.238174998,0,,0.36194788,0.000702811,0,0,0.25652617,0,1.480042341,0,0,1.304567817,0,,0.001952254,0,0,0,2.838312567,0,0,0.228413713,1.894810321,,0.194834957,0.688958079,0,0,0.0083147,0.149138928,0,0.679384416,0.644344501,20.13849,0.001341032,0.026863016,0,0.010346388,0.000513404,0.06832889,0.007580638,0,0,0,0.001561803,0.554899213,0,0.072676806,0.009708575,0.706716014,3.370836851,20.47974225,0,1.865974489,0,0,0
1998,88.97210535,4.318774784,9.559387676,3.585916261,24.58183105,11.06114731,7.290998692,28.57404957,9.130462649,40.61839321,11.22949162,6.799302537,0.001167996,3.099599451,0.022646146,1.153136997,0,1.249564402,0.058883708,0.218261987,0.323683723,0.299375451,0.008507874,0,0,0.118080605,0,0.224947386,0.348282136,0.001113177,0.069178785,0,0,6.462064962,0.077922343,1.008158538,0.216875093,0,0.061300777,0.015618032,0,0.318858469,0,0.004848004,0.536479386,0,0,0,0,0,0.085536244,0.003904509,0.002342704,0.729847079,0,0,0.001875506,0,0,0,0.138076197,0,0.830588437,2.611675891,0.115182988,0.065482963,0.000774935,0.725194539,0.031236063,0,0.103732521,0.010932622,0.214747947,0,,0.351405736,0.000546631,0,0,0.248326703,0,1.484361988,0,0,1.400511772,0,,0.001952254,0.002342704,0,0,2.707355283,0,0,0.230365976,1.871076063,,0.273706017,0.70010401,0,0,0.014204279,0.151162861,0,0.764502646,0.541201385,20.8346083,0.001341032,0.036780466,0,0.009308168,0.000353083,0.056615367,0.004761486,0,0,0,0.002342704,0.586597308,0,0.083184293,0.021660136,0.706716014,3.522269764,20.71147284,0,2.078361852,0,0,0
1999,91.00289264,4.691531149,10.14267671,3.596184185,24.98138805,11.32536861,7.662457278,28.60328667,9.259240892,40.96037477,11.79771272,7.216188808,0.000778664,3.422378075,0.021865246,1.34721004,0,1.272057692,0.065213115,0.234270476,0.328369125,0.330408268,0.008121153,0,0,0.096257128,0,0.239297488,0.368976006,0.000743609,0.05734369,0,0,6.768202941,0.046988348,1.091272589,0.179458934,0,0.060519876,0.019522541,0,0.327430486,0,0.004848004,0.572791335,0,0,0,0,0,0.077699932,0.003904509,0.002342704,0.778176484,0,0,0.000117098,0,0,0,0.122138489,0,0.821333934,2.884428327,0.124163351,0.051348866,0.000387468,0.666710554,0.052320405,0,0.10409635,0.010932622,0.179607369,0,,0.337349488,0.000390451,0,0,0.20303442,0,1.484754543,0,0,1.411465111,0,,0.001561803,0.002342704,0,0,2.517554492,0,0,0.271363314,2.010813444,,0.218261987,0.773249206,0,0,0.014204279,0.144498346,0,0.860944035,0.526903463,20.87599817,0.001341032,0.026511611,0,0.007625538,0,0.054663112,0.006090062,0,0,0,0.002342704,0.645257056,0,0.083184293,0.028024,0.698906962,3.898313528,20.42361861,0,2.108702796,0,0,0
2000,94.28338992,5.165712627,10.17618142,3.908101293,25.83944684,11.65177978,8.370582647,29.17158531,9.469216752,41.93420593,12.67180328,7.784332514,0.001167996,3.498449719,0.022255696,1.457886214,0,1.320585216,0.067649238,0.220995151,0.334616345,0.354139235,0.007773104,6.40987E-05,0,0.129382047,0,0.282735613,0.386155853,0.000732422,0.113687187,0,0,6.968595749,0.044638933,1.061946023,0.197474127,0,0.064814833,0.023427049,0,0.346656527,0,0.006787206,0.71452494,0,0,0,0,0,0.070035015,0.003123606,0.002342704,0.735921665,0,0,0.001969483,0,0,0,0.11530016,0,0.784701653,2.574685555,0.122992002,0.045953639,0.000387468,0.634550026,0.052710857,0,0.112261585,0.011323073,0.347501214,0,,0.374832787,0.000507586,0,0,0.234270476,0,1.628478552,0,0,1.440582212,0,,0.001952254,0.002342704,0,0,2.42780495,0,0,0.48650168,2.135696519,,0.355700676,0.843956262,0,0,0.011779158,0.154293628,0,1.136211816,0.504639944,20.60131352,0.00167629,0.021201478,0,0.00618706,0,0.064424381,0.006530709,0,0,0,0.001561803,0.678412576,0,0.08230867,0.024497039,0.702811488,4.278232176,20.76240735,0,2.139043949,0,0,0
2001,96.17093682,5.362686811,10.07262795,4.17838424,26.09621475,11.78188661,8.815732677,29.86340377,9.530169461,42.77899566,13.04603279,8.058019808,0.001167996,3.3168865,0.020693893,1.447364116,0,1.350442166,0.064913286,0.22333785,0.347501214,0.376044773,0.007734431,0,0,0.182381915,0,0.256750306,0.40411658,0.000732422,0.23337546,0,0,7.119465831,0.046988348,1.181195758,0.210985509,0,0.068719338,0.011713525,0,0.353136073,0,0.007756807,0.958556681,0,0,0,0,0,0.072011884,0.003123606,0.002342704,0.742029578,0,0,0.001867787,0,0,0,0.115310417,0,0.773904859,2.173076856,0.107764422,0.031578594,0.000387468,0.581483299,0.052710857,0,0.111729828,0.011323073,0.393574398,0,,0.331883185,0.000624721,0,0,0.241298602,0,1.679920759,0,0,1.449269822,0,,0.001952254,0.002342704,0,0,2.607003967,0,0,0.581771686,2.21508302,,0.545459779,0.763844816,0,0,0.012818497,0.162545229,0,1.03859917,0.530614056,20.48090492,0.00167629,0.023505139,0,0.007016926,0,0.081994672,0.020782276,0,0,0,0.001952254,0.680234253,0,0.098507713,0.011960996,0.710620456,4.164749925,21.29466812,0,2.393150136,0,0,0
2002,98.22351532,5.421028605,11.03014126,4.210154075,26.68765547,12.10801271,9.650938268,29.11558494,9.345713205,42.487293,13.59399987,8.787278976,0.001167996,3.330756028,0.024207949,1.407224553,0,1.407138137,0.070460151,0.197625158,0.369366463,0.405252145,0.00734771,0,0,0.22602887,0,0.315314201,0.423639097,0.000752654,0.330171475,0,0,7.156816274,0.07726134,1.271996983,0.213410646,0,0.058959192,0.013665778,0,0.353845522,0,0.004848004,0.976126964,0,0,0,0,0,0.070232666,0.003514057,0.000500314,0.744632931,0,0,0.001974517,0,0,0,0.10969102,0,1.00565211,2.374694219,0.092146385,0.03121973,0.000372551,0.557868366,0.050021705,0,0.123675129,0.012103975,0.511490554,0,,0.312360635,0.000390451,0,0,0.242469943,0,1.780448884,0,0,1.491482981,0,,0.001952254,0.002342704,0,0,2.525443889,0,0,0.554440172,2.723213248,,0.585676212,0.743829316,0,0,0.015243616,0.166258804,0,1.151829878,0.494500143,20.97383112,0.00167629,0.023427049,0,0.006759162,0.000239864,0.089803686,0.021728718,0,0,0,0.000780902,0.727963689,0,0.094129601,0.014491207,0.718429466,4.125805316,20.46728568,0,2.188348083,0,0,0
2003,101.3939247,5.894949143,11.59101672,4.649403709,27.58809544,12.20941232,10.18082342,29.28022398,9.119331416,42.69665256,14.20868384,9.283603295,0.001167996,3.391697372,0.025379303,1.599349185,0,1.37869105,0.078368175,0.198005554,0.375613667,0.456273654,0.006187545,0,0,0.281366986,0,0.34207518,0.445113906,0.000752654,0.377338817,0,0,6.985172547,0.064547448,1.336688026,0.210985509,0,0.070370646,0.01444668,0,0.335350831,0,0.007272006,1.170181083,0,0,0,0,0,0.060641071,0.003514057,0.000769714,0.741364547,0,0,0.001442878,0,0,0,0.106421343,0,1.052695665,2.520216292,0.042949584,0.026076558,0.000745101,0.529713643,0.050021705,0,0.12755054,0.012103975,0.280968402,0,,0.35531022,0.001054217,0,0,0.214747947,0,1.877050334,0,0,1.562449074,0,,0.001952254,0.003123606,0,0,2.431622139,0,0,0.792615166,3.054559573,,0.616912252,0.817597257,0,0,0.018015184,0.168055175,0,1.226015494,0.45777839,21.85056253,0.00167629,0.012884877,0,0.007750654,0.000199887,0.089022785,0.008659281,0,0,0,0.001561803,0.792817263,0,0.100258968,0.021468455,0.761379042,4.088661324,20.73260236,0,2.180042309,0,0,0
2004,104.2166168,6.128907368,11.93361595,5.13409635,28.6045749,12.67682443,11.01893109,28.71966673,9.286630247,42.61391383,15.11776393,10.0330708,0.001167996,3.368581673,0.02928381,1.748995842,0,1.387043925,0.074229732,0.194308002,0.380689529,0.496346103,0.006967701,0,0,0.391653482,0,0.374653746,0.449018432,0.012442801,0.400922508,0,0,7.017051679,0.063960655,1.588437379,0.220339565,0,0.06213799,0.01444668,0,0.395273431,0,0.008241607,1.271307836,0,0,0,0,0,0.052418116,0.003904509,0.000746592,0.676950378,0,0,0.001337863,0,0,0,0.110137998,0,1.087399841,2.33485845,0.06832889,0.03207626,0.024960883,0.494462964,0.048528521,0,0.132408693,0.012103975,0.350195344,0,,0.378737271,0.001132307,0,0,0.314703338,0,1.940665745,0,0,1.560364466,0,,0.001561803,0.045292292,0,0,2.868155073,0,0,0.851182762,3.35327984,,0.671575364,0.886931168,0,0,0.038646052,0.183827747,0,1.529395837,0.438289422,22.74289731,0.00167629,0.009370819,0,0.006608575,0.000199887,0.079261517,0.014418711,0,0,0,0.001522758,0.833856779,0,0.105074893,0.02637553,0.74966559,3.856102462,20.14225058,0,2.270268938,0,0,0
2005,107.7678074,7.147429969,13.01262231,5.300141961,29.18511187,12.28178813,12.49005453,28.35065867,8.751949255,41.85862789,16.72161148,11.43551068,0.001167996,3.750410297,0.025379303,1.778223767,0,1.459520741,0.065343342,0.225723078,0.418172828,0.530446249,0.006658026,0,0,0.481285639,0,0.385478228,0.449018432,0.117986415,0.510979639,0,0.000780902,7.11526982,0.075187995,1.945407171,0.231079377,0.00468541,0.058291661,0.015618032,0,0.436733858,0,0.012604811,1.659415906,0,0,0,0,0,0.042328669,0.003904509,0.000559945,0.667116548,0,0,0.000851459,0,0,0,0.108517276,0,1.152952359,2.302746071,0.056615367,0.021523199,0.025705985,0.46050944,0.048528521,0,0.14216258,0.010932622,0.472835923,0,,0.480254472,0.001171352,0,0,0.441209422,0,2.198269334,0,0,1.640394478,0,,0.001783548,0.086289621,0,0,2.620400429,0,0,0.874609792,3.484521743,,0.779730247,0.996988365,0,0,0.07105981,0.181833159,0,1.788264634,0.434138754,22.99542666,0.00167629,0.00976127,0,0.005882158,0.00015991,0.072623852,0.006726046,0,0,0,0.001600848,0.883828456,0,0.109453017,0.034387864,0.757474558,3.516433491,19.59499437,0,2.263821433,0,0,0
2006,111.8980172,7.913562718,14.34681394,5.707903387,29.79653049,11.8580576,13.24616201,29.02898709,8.319317947,42.20587136,17.55740295,12.02719701,0.001167996,3.664882304,0.026550653,1.796539886,0,1.474788116,0.07550002,0.264507102,0.442380763,0.580459752,0.006580606,0,0,0.514020847,0,0.389818328,0.53882211,0.017406109,0.4952572,0,0.000780902,7.101252414,0.072214898,2.280475435,0.250133906,0.007028115,0.059746804,0.015618032,0,0.434189205,0,0.013574412,2.135765811,0,0,0,0,0,0.046695234,0.003904509,0.000373296,0.694536696,0,0,0.001210249,0,0,0,0.110918422,0,1.187656661,2.531191486,0.070281145,0.019115009,0.036680001,0.418849524,0.048528521,0,0.156723115,0.012494426,0.533746243,0,,0.484549459,0.001015172,0,0,0.51519985,0,2.362413037,0,0,1.840973851,0,0,0.002602259,0.100736309,0,0,2.579847838,0,0,1.112784744,3.495485758,,0.925758839,1.169195427,0,0,0.080054723,0.180642614,0,1.97958561,0.471512434,23.55022372,0.00167629,0.007391342,0,0.008196931,0.00015991,0.113230737,0.002937406,0,0,0,0.001405623,0.906949766,0,0.109453017,0.034694557,0.761379042,3.190995034,20.08676083,0,2.379496688,0,0,0
2007,114.3071667,7.874412501,15.37580876,5.615888427,30.15819939,11.41298603,14.08123558,29.78863598,7.812125475,42.63375476,18.01925887,12.88429539,0.000385603,3.359527843,0.032407416,1.747047347,0,1.556543634,0.073956305,0.396697998,0.459951046,0.63040949,0.006193512,0,0,0.549094298,0,0.388240118,0.53869906,0.011031074,0.531418801,0,0.000780902,6.964673136,0.069554764,2.699486192,0.264684627,0.011323073,0.077027997,0.0221964,0,0.384876987,0,0.013332013,2.174811028,0,0,0,0,0,0.041564551,0.003123606,0.000348683,0.687155996,0,0,0.001026695,0,0,0,0.093326133,0,1.219383477,2.788090896,0.057005819,0.017195984,0.043108453,0.37028454,0.055994452,0,0.166513658,0.007812746,0.685452596,0,,0.47088366,0.000718429,0,0,0.596608826,0,2.340029818,0,0,1.92989403,0,0,0.002496166,0.103079012,0,0,2.535523568,0,0,1.26896507,3.562555949,,0.911748508,1.189834508,0,0,0.120082076,0.181322814,0,2.618489113,0.452806607,23.39717692,0.00167629,0.003684483,0,0.005059824,0.000119932,0.059738975,0.000724292,0,0,0,0.000780902,0.947300009,0,0.06917431,0.034234517,0.699567053,2.871491492,20.89406881,0,2.472378208,0,0,0
2008,117.9073506,8.288153984,16.04006252,5.781604278,30.46149962,11.82991678,15.12761732,30.37849606,7.842492226,43.70407639,19.04043841,13.92567472,0.001131077,3.425984417,0.026550653,1.717040007,0,1.601631325,0.061288916,0.598170628,0.484549459,0.694901744,0.005883836,0,0,0.57134647,0,0.497925866,0.529200676,0.004110361,0.487395981,0,0.000780902,6.556636819,0.067794378,2.963316389,0.311801258,0.01444668,0.077180041,0.042913042,0,0.419720043,0,0.010830441,2.302488457,0,0,0,0,0,0.036093018,0.003123606,0.000271787,0.608356233,0,0,0.000681331,0,0,0,0.093438352,0,1.257251576,2.845405467,0.073404753,0.016481052,0.054452784,0.353078856,0.059727411,0,0.165747043,0.006562706,0.776596595,0,0,0.495872534,0.001171352,0,0,0.620816778,0,2.391472025,0,0,1.959789708,0,0,0.002382981,0.121480542,0,0,2.789352965,0,0,1.281654717,3.943560443,,0.910561132,1.228633458,0,0,0.175454871,0.171759195,0,3.189460488,0.422471482,23.31036948,0.00167629,0.003706859,0,0.004070086,0.00011982,0.05310131,0.000652355,0,0,0,0.001171352,1.047859618,0,0.119729668,0.039026173,0.705160869,2.776172416,21.86206953,0,2.563818632,0,0,0
2009,115.6917636,7.988575374,16.90444218,5.515301407,26.65903911,11.28907956,16.48474216,30.85058376,7.134087204,43.7403763,19.82921596,15.21010396,0.001131077,3.300747432,0.026941106,1.611897736,0,1.662692287,0.06238878,0.59895155,0.487282602,0.760898021,0.005806418,0,0,0.491807654,0,0.405600441,0.446266239,0.000373669,0.45359272,0,0.000780902,6.133520067,0.075729553,3.282952444,0.36342168,0.020693893,0.075094093,0.042913042,0,0.350070088,0,0.01165669,2.447736127,0,0,0,0,0,0.034326853,0.003123606,0.000339734,0.604013056,0,0,0.000545586,0,0,0,0.106477689,0,1.588744355,2.94296247,0.044823751,0.014727118,0.04462103,0.30569646,0.059727411,0,0.159607155,0.006875216,0.735810715,0,0,0.448588908,0.000601294,0,0,0.620855841,0,2.371837607,0,0,2.393983519,0,0,0.002382981,0.110737364,0,0,2.627142433,0,0,1.008313743,4.12057056,,0.937397976,1.251589515,0,0,0.1668023,0.171169832,0,3.699858999,0.401754857,20.91378278,0.00167629,0.007043032,0,0.004083101,0.00011982,0.041387786,0.000574302,0,0,0,0.001483714,1.125100928,0,0.072966567,0.026247691,0.721543399,2.367071564,22.32308018,0,2.328978885,0.031560509,0,0
2010,123.4936443,8.217326029,18.91293935,5.915296484,29.21553227,11.65633274,18.7163776,30.85983981,7.391806053,44.52980557,21.84871114,17.02310175,0.000372551,3.350933976,0.028659089,1.562716904,0,2.070932752,0.065049194,0.610665086,0.498605677,0.782974682,0.001045155,0,0,0.56000602,0,0.496742174,0.459411786,0.001885128,0.473638826,0,0.008199467,5.883851135,0.072960772,3.679204468,0.390098027,0.036311925,0.072044323,0.039583582,0,0.341894942,0,0.012995634,2.394634817,0,0,0,0,0,0.029024754,0.003123606,0.000175275,0.517273237,0,0,0.000327274,0,0,0,0.10405575,0,2.04361945,3.357578679,0.050875741,0.010433704,0.059537221,0.320539218,0.061780542,0,0.147013746,0.006875216,0.74869442,0,0,0.45811593,0.000468541,0,0,0.656503973,0,2.413855244,0,0,1.949288711,0,0,0.00270183,0.128918129,0,0,2.953328192,0,0,1.131916871,4.225023809,,1.025781742,1.28133539,0,0,0.325166084,0.171931608,0,4.835089974,0.391766475,23.24833911,0.00167629,0.012974006,0,0.004111471,0.000279551,0.037873729,0.00207577,0,0,0,0.001600848,1.318933105,0,0.08047277,0.026156323,0.704422485,2.396350777,23.02669997,0,2.279750491,0.252018648,0,0
2011,127.7777638,8.309842371,18.9264772,6.15044469,30.94953764,10.61731182,20.49369786,32.33045222,6.555259607,45.0619928,23.97630175,18.69688706,0.000372551,3.277942854,0.0293619,1.51088612,0,2.218314183,0.064095386,0.599342011,0.49274893,0.782196775,0.001160165,0,0,0.612616219,0,0.575258198,0.484329066,0.013195895,0.468135947,0,0.005856762,5.702440022,0.062235857,4.004257404,0.379358198,0.044901843,0.068658927,0.038103821,0,0.27464118,0,0.009490751,2.391901632,0,0,0,0,0,0.02398573,0.002733155,0.000105177,0.507164752,0,0,0.000299251,0,0,0,0.098486364,0,1.85932673,3.09945957,0.034203489,0.008669243,0.099835883,0.322178899,0.0608473,0,0.146853224,0.006218945,0.811298635,0,0,0.528397062,0.000390451,0,0,0.306699102,0,2.42406509,0,0,1.911770964,0,0,0.002315855,0.157842071,0,0,2.688526322,0,0,1.613459873,4.013284103,,1.003827712,1.265815759,0,0,0.510461313,0.179252826,0,6.018837335,0.392580339,24.06140479,0.001341032,0.019275665,0,0.004785234,7.99386E-05,0.049977702,0.002116784,0,0,0,0.000741856,1.333506979,0,0.076508595,0.029119898,0.704422485,1.897723999,24.71624124,0,2.390874526,0.379643487,0,0
2012,130.4500015,8.695457325,18.95118995,6.389619319,30.62294251,10.74204328,21.62546472,33.42328435,6.172152076,46.18287072,25.40714076,19.88463313,0.000633336,3.42396437,0.029674262,1.466849525,0,2.124661873,0.068887681,0.628235327,0.534917584,0.856876936,0.000773443,0,0,0.697961624,0,0.669793085,0.460579778,0.014353459,0.47049433,0,0.010620262,5.576915152,0.049084126,4.044981528,0.413309906,0.045643698,0.064512764,0.038251796,0,0.240218914,0,0.020359828,2.370700096,0,0,0,0,0,0.021017241,0.015032356,7.01178E-05,0.445512071,0,0,0.000321272,0,0,0,0.082320912,0,1.628179908,3.014910284,0.025223122,0.007902692,0.052605832,0.328127517,0.066446748,0,0.140022468,0.005625177,0.830037287,0,0,0.605784408,0.000234271,0,0,0.476428072,0,2.434667701,0,0,1.858348945,0,0,0.003049208,0.202054378,0,0,2.674111672,0,0,1.66218807,4.524181555,,1.135930296,1.416161654,0,0,0.532948574,0.181899981,0,6.506821017,0.39309825,23.5563465,0.001609239,0.020832545,0,0.00592205,8.00442E-05,0.042949584,0.002411047,0,0,0,0.000585676,1.493819258,0,0.073733672,0.024243763,0.704422485,1.631496021,25.98802026,0,2.325262053,0.294829516,0,0
2013,132.0326419,8.189298903,19.45706433,6.578115167,31.2776953,10.44750342,22.32524028,33.75772447,6.117228192,46.52175226,25.39355713,20.37247311,0.000707846,3.154416428,0.0361167,1.385790816,0,2.42784217,0.055434823,0.65205286,0.573962676,0.886826791,0.001469542,0,0,0.798115784,0,0.750794812,0.464473125,0.01048131,0.484251484,0,1.96E-18,5.649325021,0.038282846,4.398599745,0.4434507,0.064424381,0.056296517,0.039435607,0,0.199379494,0,0.020281066,2.221665004,0,0,0,0,0,0.013471293,0.012416335,0.000210329,0.413458399,0,0,0.000270228,0,0,0,0.071904505,0,1.371263248,2.999870377,0.046034147,0.006756689,0.174712803,0.294952515,0.076301771,0,0.127889415,0.005187663,0.836851304,0,0,0.636864322,0.001249443,0,0,0.499737997,0,2.548547279,0,0,1.857429314,0,0,0.003743964,0.218169136,0,0,2.875849783,0,0,1.49976062,4.285975662,,1.149935435,1.273898879,0,0,0.548689644,0.178030515,0,6.804052835,0.393579188,23.98679392,0.002011549,0.022982523,0,0.004860067,0.000119897,0.046073193,0.002361395,0,0,0,0.000507586,1.523076281,0,0.073337253,0.020609201,0.725768633,1.530434457,26.25097014,0,2.261545824,0.415992338,0,0
2014,134.1004182,8.205083237,20.10088239,6.650135477,30.74110254,9.746260347,22.81205783,35.84489636,5.429551494,47.94333065,26.11134652,20.76774854,0.001192162,3.298853868,0.028541954,1.383452614,0,2.463910824,0.050518063,0.683288942,0.605198758,0.929612244,0.001160165,0,0,0.818380398,0,0.803033599,0.428654549,0.00678646,0.595094754,0,0.018312143,5.91212627,0.031274494,4.811219352,0.439293333,0.058567621,0.053139347,0.044392799,0,0.192696788,0,0.022762051,1.905399994,0,0,0,0,0,0.000708529,0.016398933,3.50589E-05,0.31958343,0.001952254,0,0.000253214,0,0,0,0.066920342,0,1.280366229,2.98564338,0.035335798,0.00571577,0.303347489,0.272607045,0.076936373,0,0.119360083,0.004531393,0.858145243,0,0,0.58680849,0.001327532,0,0,0.486267429,0,2.569006454,0,0,1.718710749,0,0,0.003743964,0.231391516,0,0,2.334667574,0,0,1.711775357,4.274902832,,1.169504789,1.263229196,0,0,0.580171826,0.173487259,0,6.62858949,0.396545473,23.25981555,0.002011549,0.022241152,0,0.003903295,0.000119897,0.037092826,0.00096881,0,0,0,0.000468541,1.534006592,0,0.065844962,0.018372707,0.715095517,1.541062774,28.21405934,0,2.25433988,0.375604724,0,0
2015,136.9035074,8.101704525,20.88187722,6.687484285,30.85544767,9.613881833,23.46569362,37.29741828,4.971871176,49.4301314,27.27494076,21.72474563,0.001303927,3.288754846,0.030181847,1.418526065,0,2.643270154,0.048303798,0.702811488,0.605198758,1.044797267,0.001160165,0,0,0.791101052,0,0.805282622,0.467198439,0.003934415,0.687857243,0,0.026550653,6.104689344,0.039455182,5.178153435,0.412595545,0.058567621,0.051313517,0.046242498,0,0.192950533,0,0.019572213,1.730790379,0,0,0,0,0,0.000890753,0.01475904,0.000350548,0.294921412,0.027920783,0,0.000219185,0,0,0,0.063741267,0,1.219885433,2.95922195,0.039123172,0.004993155,0.326386558,0.258193081,0.077011032,0,0.118025122,0.004718897,0.902862444,0,0,0.660213268,0.001171352,0,0,0.452922958,0,2.490939968,0,0,1.554339912,0,0,0.003628171,0.2353169,0,0,1.802160875,0,0,1.762807258,4.603869338,,1.132902151,1.270665623,0,0,0.567578978,0.173001009,0,6.797009381,0.399132476,23.32792264,0.0020786,0.022241152,0,0.003662041,0.000119726,0.042949584,0.002521127,0,0,0,0.000780902,1.450753582,0,0.062435768,0.01459624,0.675960953,1.662275742,29.63838902,0,2.112495534,0.109046537,0,0
2016,138.2814344,8.283869286,21.80834547,6.749705249,30.79224485,9.551532455,24.30882273,36.78691438,4.938250382,49.70011789,28.56976256,22.61942106,0.001676463,3.71430124,0.066883908,1.530214524,0,3.417515442,0.045358523,0.682586271,0.598561131,1.144564357,0.00085079,0,0,0.751156677,0,0.826477921,0.451664238,0.003506308,0.745282931,0,0.028112444,6.176686813,0.047244383,5.290780448,0.375283659,0.054663146,0.046064287,0.044022883,0,0.188772345,0,0.021541232,1.654926359,0,0,0,0,0,0.000848336,0.014798085,0.000223076,0.305157426,0.024833316,0,0.000493164,0,0,0,0.066223269,0,1.207273954,2.915850093,0.043037181,0.116089924,0.365552619,0.220595048,0.086231379,0,0.121573774,0.004000132,0.905545471,0,0,0.675128366,0.001061539,0,0,0.386546871,0,2.462352497,0,0,1.412804468,0,0,0.003319394,0.239242268,0,0,1.738663615,0,0,1.630523679,4.577157973,,1.153720428,1.262550265,0,0,0.63120716,0.164988629,0,6.885382681,0.351791323,23.5650295,0.00201155,0.020387738,0,0.003623084,0.000199542,0.037912816,0.002195822,0,0,0,0.000741682,1.42758136,0,0.054269637,0.0140599,0.701214559,1.6752624,29.1974231,0,1.958136676,0.019709261,0,0