Year,World,Africa,Asia and Oceania,Central and South America,Eurasia,Europe,Middle East,North America,EU28,OPEC,OECD,Persian Gulf,Albania,Algeria,Angola,Argentina,Armenia,Australia,Austria,Azerbaijan,Bahrain,Bangladesh,Belarus,Belgium,Benin,Bolivia,Botswana,Brazil,Brunei Darussalam,Bulgaria,Burma,Cambodia,Cameroon,Canada,Chile,China,Colombia,Congo,Croatia,Cuba,Cyprus,Denmark,Dominican Republic,Ecuador,Egypt,El Salvador,Eritrea,Estonia,Ethiopia,Finland,France,Gabon,Georgia,Germany,Ghana,Gibraltar,Greece,Guatemala,Haiti,Honduras,Hungary,Iceland,India,Indonesia,Iraq,Ireland,Israel,Italy,Ivory Coast,Jamaica,Japan,Jordan,Kazakhstan,Kenya,Kosovo,Kuwait,Kyrgyzstan,Latvia,Lebanon,Libya,Lithuania,Malaysia,Malta,Mauritius,Mexico,Mongolia,Montenegro,Morocco,Mozambique,Namibia,Nepal,Netherlands,Nicaragua,Niger,Nigeria,Norway,NZ,Oman,Pakistan,Panama,Paraguay,Peru,Poland,Portugal,Qatar,Romania,Russian Federation & USSR,Senegal,Serbia,Singapore,Slovakia,Slovenia,South Africa,Spain,Sudan,Suriname,Sweden,Tajikistan,Thailand,Togo,Tunisia,Turkey,Ukraine,United Kingdom,United States of America,Uruguay,Uzbekistan,Yemen,Zambia,Zimbabwe
1900,0.845817336,0,0.023822892,0.001590984,0.432998856,0.027172332,0,0.360232272,0.027172332,0,0.381794292,0,0,0,0,0,,0,0,,0,0,,,,0,,0,0,0,0,,0,0.005107896,0,0,0,0,,0,,0,,0,0,,,,,,0,0,,0.0020934,0,,0,0,,,0.000083736,,0.006028992,0.013020948,0,,0,0.000083736,0,,0.004772952,,,,,0,,,,0,,0,,,0,0,,0,,,,0,,,0,0,,0,0,,,0.001590984,0.014528196,,0,0.010383264,0.432998856,,,,,,,0,,0,0,,0,,0,0,,0,0.355124376,,,,,
1901,0.9462168,0,0.03726252,0.001632852,0.484161552,0.031484736,0,0.39167514,0.031484736,0,0.416754072,0,0,0,0,0,,0,0,,0,0,,,,0,,0,0,0,0,,0,0.004228668,0,0,0,0,,0,,0,,0,0,,,,,,0,0,,0.001842192,0,,0,0,,,0.000125604,,0.007996788,0.023194872,0,,0,0.000083736,0,,0.00607086,,,,,0,,,,0,,0,,,0.000083736,0,,0,,,,0,,,0,0,,0,0,,,0.001632852,0.01695654,,0,0.012476664,0.484161552,,,,,,,0,,0,0,,0,,0,0,,0,0.387362736,,,,,
1902,1.027398852,0,0.029684412,0.001339776,0.459878112,0.037806804,0,0.498689748,0.037806804,0,0.529504596,0,0,0,0,0,,0,0.000041868,,0,0,,,,0,,0,0,0,0,,0,0.002972628,0,0,0,0,,0,,0,,0,0,,,,,,0,0,,0.0020934,0,,0,0,,,0.000167472,,0.009043488,0.014067648,0,,0,0.000125604,0,,0.006573276,,,,,0,,,,0,,0,,,0.00020934,0,,0,,,,0,,,0,0,,0,0,,,0.001339776,0.021813228,,0,0.013565232,0.459878112,,,,,,,0,,0,0,,0,,0,0,,0,0.49550778,,,,,
1903,1.098155772,0,0.052628076,0.001549116,0.431700948,0.048315672,0,0.56396196,0.048315672,0,0.600303384,0,0,0,0,0,,0,0.000041868,,0,0,,,,0,,0,0,0,0,,0,0.00272142,0,0,0,0,,0,,0,,0,0,,,,,,0,0,,0.002637684,0,,0,0,,,0.000125604,,0.01402578,0.033326928,0,,0,0.000083736,0,,0.005275368,,,,,0,,,,0,,0,,,0.00041868,0,,0,,,,0,,,0,0,,0,0,,,0.001549116,0.028177164,,0,0.017249616,0.431700948,,,,,,,0,,0,0,,0,,0,0,,0,0.56082186,,,,,
1904,1.233138204,0,0.064225512,0.001632852,0.448992432,0.060792336,0,0.657495072,0.060792336,0,0.70380108,0,0,0,0,0,,0,0.000041868,,0,0,,,,0,,0,0,0,0,,0,0.003098232,0,0,0,0,,0,,0,,0,0,,,,,,0,0,,0.00376812,0,,0,0,,,0.000083736,,0.018882468,0.037597464,0,,0,0.000167472,0,,0.00774558,,,,,0,,,,0,,0,,,0.000795492,0,,0,,,,0,,,0,0,,0,0,,,0.001632852,0.034499232,,0,0.022231908,0.448992432,,,,,,,0,,0,0,,0,,0,0,,0,0.653601348,,,,,
1905,1.212832224,0,0.07578108,0.0020934,0.312251544,0.065607156,0,0.757099044,0.065607156,0,0.801520992,0,0,0,0,0,,0,0.000041868,,0,0,,,,0,,0,0,0,0,,0,0.00355878,0,0,0,0,,0,,0,,0,0,,,,,,0,0,,0.003307572,0,,0,0,,,0.00020934,,0.023069268,0.045343044,0,,0,0.000251208,0,,0.007368768,,,,,0,,,,0,,0,,,0.001507248,0,,0,,,,0,,,0,0,,0,0,,,0.0020934,0.033243192,,0,0.028553976,0.312251544,,,,,,,0,,0,0,,0,,0,0,,0,0.752033016,,,,,
1906,1.207975536,0,0.079297992,0.002972628,0.337958496,0.0753624,0.000041868,0.712342152,0.0753624,0.000041868,0.756596628,0.000041868,0,0,0,0,,0,0.000041868,,0,0,,,,0,,0,0,0,0,,0,0.003181968,0,0,0,0,,0,,0,,0,0,,,,,,0,0,,0.003391308,0,,0,0,,,0.000125604,,0.022441248,0.04731084,0,,0,0.000293076,0,,0.009545904,,,,,0,,,,0,,0,,,0.003014496,0,,0,,,,0,,,0,0,,0,0,,,0.002972628,0.030856716,,0,0.040653828,0.337958496,,,,,,,0,,0,0,,0,,0,0,,0,0.706145688,,,,,
1907,1.4936409,0,0.0931563,0.0041868,0.358138872,0.100106388,0,0.93805254,0.100106388,0,1.001315088,0,0,0,0,0,,0,0.000041868,,0,0,,,,0,,0,0,0,0,,0,0.00439614,0,0,0,0,,0,,0,,0,0,,,,,,0,0,,0.004438008,0,,0,0,,,0.000083736,,0.024241572,0.057694104,0,,0,0.000334944,0,,0.011220624,,,,,0,,,,0,,0,,,0.006447672,0,,0,,,,0,,,0,0,,0,0,,,0.0041868,0.047143368,,0,0.048064464,0.358138872,,,,,,,0,,0,0,,0,,0,0,,0,0.927208728,,,,,
1908,1.614723156,0,0.099185292,0.005359104,0.361195236,0.125980812,0,1.023002712,0.125980812,0,1.11285144,0,0,0,0,0.000083736,,0,0.000083736,,0,0,,,,0,,0,0,0,0,,0,0.00293076,0,0,0,0,,0,,0,,0,0,,,,,,0,0,,0.005903388,0,,0,0,,,0.000083736,,0.028177164,0.05945256,0,,0,0.000293076,0,,0.011555568,,,,,0,,,,0,,0,,,0.02344608,0,,0,,,,0,,,0,0,,0,0,,,0.005275368,0.071929224,,0,0.047687652,0.361195236,,,,,,,0,,0,0,,0,,0,0,,0,0.996625872,,,,,
1909,1.696742568,0,0.112289976,0.008331732,0.384180768,0.15030612,0,1.041633972,0.15030612,0,1.146387708,0,0,0,0,0.000125604,,0,0.000083736,,0,0,,,,0,,0,0,0,0,,0,0.002344608,0,0,0,0,,0,,0,,0,0,,,,,,0,0,,0.005735916,0,,0,0,,,0.000125604,,0.03726252,0.063806832,0,,0,0.000251208,0,,0.011220624,,,,,0,,,,0,,0,,,0.0167472,0,,0,,,,0,,,0,0,,0,0,,,0.007871184,0.087336648,,0,0.056773008,0.384180768,,,,,,,0,,0,0,,0,,0,0,,0,1.022542164,,,,,
1910,1.845499572,0,0.108773064,0.008038656,0.399462588,0.13586166,0,1.193363604,0.13586166,0,1.284426504,0,0,0,0,0.000125604,,0,0.000083736,,0,0,,,,0,,0,0,0,0,,0,0.001758456,0,0,0,0,,0,,0,,0,0,,,,,,0,0,,0.00586152,0,,0,0,,,0.000125604,,0.034248024,0.063764964,0,,0,0.000293076,0,,0.010760076,,,,,0,,,,0,,0,,,0.02177136,0,,0,,,,0,,,0,0,,0,0,,,0.007033824,0.073938888,,0,0.055558836,0.399462588,,,,,,,0,,0,0,,0,,0,0,,0,1.169833788,,,,,
1911,1.95481692,0.000125604,0.117690948,0.009964584,0.37911474,0.135359244,0.001842192,1.310719608,0.135359244,0.001842192,1.389766392,0.001842192,0,0,0,0.000083736,,0,0.000041868,,0,0,,,,0,,0,0,0,0,,0,0.001632852,0,0,0,0,,0,,0,,0,0.000125604,,,,,,0,0,,0.005735916,0,,0,0,,,0.000083736,,0.03600648,0.069961428,0,,0,0.00041868,0,,0.01172304,,,,,0,,,,0,,0,,,0.078460632,0,,0,,,,0,,,0,0,,0,0,,,0.00816426,0.061043544,,0,0.0680355,0.37911474,,,,,,,0,,0,0,,0,,0,0,,0,1.230626124,,,,,
1912,1.986301656,0.001172304,0.113378544,0.01276974,0.38372022,0.133517052,0.003433176,1.33831062,0.133517052,0.003433176,1.402117452,0.003433176,0,0,0,0.000293076,,0,0.000041868,,0,0,,,,0,,0,0,0,0,,0,0.001339776,0,0,0,0,,0,,0,,0,0.001172304,,,,,,0,0,,0.00565218,0,,0,0,,,0.000125604,,0.039732732,0.063597492,0,,0,0.000293076,0,,0.009797112,,,,,0,,,,0,,0.000251208,,,0.092444544,0,,0,,,,0,,,0,0,,0,0,,,0.009797112,0.047896992,,0,0.079507332,0.38372022,,,,,,,0,,0,0,,0,,0,0,,0,1.2445263,,,,,
1913,2.189989476,0.000544284,0.120412368,0.015407424,0.377272548,0.131800464,0.011639304,1.532913084,0.131800464,0.011639304,1.598771448,0.011639304,0,0,0,0.000795492,,0,0.000041868,,0,0,,,,0,,0,0,0,0,,0,0.00125604,0,0,0,0,,0,,0,,0,0.000544284,,,,,,0.00230274,0,,0.005066028,0,,0,0,,,0.000083736,,0.044254476,0.063890568,0,,0,0.000293076,0,,0.011429964,,,,,0,,,,0,,0.00083736,,,0.144737676,0,,0,,,,0,,,0,0,,0,0,,,0.011555568,0.046640952,,0,0.077372064,0.377272548,,,,,,,0,,0,0,,0,,0,0,,0,1.386919368,,,,,
1914,2.255722236,0.0041868,0.124473564,0.016454124,0.37388124,0.11764908,0.015993576,1.603083852,0.117565344,0.016077312,1.660401144,0.015993576,0,0,0,0.00167472,,0,0.000041868,,0,0,,,,0,,0,0,0,0,,0,0.001214172,0,0,0,0,,0,,0,,0,0.0041868,,,,,,0,0,,0.00460548,0,,0,0,,,0.000167472,,0.041323716,0.065690892,0,,0,0.000251208,0,,0.015533028,,,,,0,,,,0,,0.001925928,,,0.1182771,0,,0,,,,0,,,0,0,,0,0,,,0.010760076,0.036718236,,0,0.07578108,0.37388124,,,,,,,0,,0,0,,0,,0,0,,0,1.48359258,,,,,
1915,2.42122644,0.00125604,0.13230288,0.023069268,0.388158228,0.103162752,0.019133676,1.754143596,0.10299528,0.019343016,1.807902108,0.019133676,0,0,0,0.003098232,,0,0.000041868,,0,0,,,,0,,0,0,0,0,,0,0.001214172,0,0,0,0,,0,,0,,0,0.00125604,,,,,,0,0,,0.004144932,0,,0,0,,,0.000293076,,0.045803592,0.066905064,0,,0,0.000251208,0,,0.017249616,,,,,0,,,,0,,0.002344608,,,0.183716784,0,,0,,,,0,,,0,0,,0,0,,,0.015198084,0.031777812,,0,0.066486384,0.388158228,,,,,,,0,,0,0,,0,,0,0,,0,1.56921264,,,,,
1916,2.597365116,0.002470212,0.14109516,0.02658618,0.413279028,0.079800408,0.027381672,1.906752456,0.079591068,0.02784222,1.966163148,0.027381672,0,0.000041868,0,0.005275368,,0,0,,0,0,,,,0,,0,0,0,0,,0,0.001088568,0,0,0,0,,0,,0,,0,0.002428344,,,,,,0,0,,0.003893724,0,,0,0,,,0.000251208,,0.047394576,0.07243164,0,,0,0.000293076,0,,0.017458956,,,,,0,,,,0,,0.003809988,,,0.226757088,0,,0,,,,0,,,0,0,,0,0,,,0.015239952,0.037513728,,0,0.037639332,0.413279028,,,,,,,0,,0,0,,0,,0,0,,0,1.6789068,,,,,
1917,2.871139968,0.005777784,0.140215932,0.032782644,0.366638076,0.068914728,0.038183616,2.218627188,0.068537916,0.039314052,2.273725476,0.038183616,0,0.000041868,0,0.007410636,,0,0,,0,0,,,,0,,0,0,0,0,,0,0.001214172,0,0,0,0,,0,,0,,0.000334944,0.005735916,,,,,,0,0,,0.003809988,0,,0,0,,,0.000376812,,0.045091836,0.074985588,0,,0,0.000251208,0,,0.016872804,,,,,0,,,,0,,0.003265704,,,0.345494736,0,,0,,,,0,,,0,0,,0,0,,,0.014528196,0.033787476,,0,0.030312432,0.366638076,,,,,,,0,,0,0,,0,,0,0,,0,1.87191828,,,,,
1918,2.850540912,0.011848644,0.135987264,0.03726252,0.15449292,0.07724646,0.047059632,2.386643472,0.076911516,0.049446108,2.437387488,0.047059632,0,0.000041868,0,0.008206128,,0,0,,0,0,,,,0,,0,0,0,0,,0,0.001716588,0,0,0,0,,0,,0,,0.000334944,0.011806776,,,,,,0.002177136,0,,0.001590984,0,,0,0,,,0,,0.044673156,0.073855152,0,,0,0.00020934,0,,0.014402592,,,,,0,,,,0,,0.003056364,,,0.397997208,0,,0,,,,0,,,0,0,,0,0,,,0.01402578,0.032363964,,0,0.040570092,0.15449292,,,,,,,0,,0,0,,0,,0,0,,0,1.986929676,,,,,
1919,3.246402852,0.0094203,0.1559583,0.036173952,0.185768316,0.07473438,0.058950144,2.72539746,0.074441304,0.061252884,2.777188176,0.058950144,0,0.000041868,0,0.008080524,,0,0,,0,0,,,,0,,0,0,0,0,,0,0.001339776,0,0,0,0,,0,,0,,0.000334944,0.009378432,,,,,,0.002009664,0,,0.001549116,0,,0,0,,,0,,0.048734352,0.09043488,0,,0,0.00020934,0,,0.01318842,,,,,0,,,,0,,0.003600648,,,0.542776752,0,,0,,,,0,,,0,0,,0,0,,,0.014611932,0.034834176,,0,0.035839008,0.185768316,,,,,,,0,,0,0,,0,,0,0,,0,2.181280932,,,,,
1920,4.15937646,0.006238332,0.16726266,0.041533056,0.1632852,0.082856772,0.074190096,3.624010344,0.082438092,0.0774558,3.673121508,0.074190096,0,0.000041868,0,0.010006452,,0,0,,0,0,,,,0,,0,0,0,0,,0,0.001088568,0,0,0,0,,0,,0,,0.000334944,0.006196464,,,,,,0.00230274,0,,0.00146538,0,,0,0,,,0,,0.04898556,0.09901782,0,,0,0.00020934,0,,0.013104684,,,,,0,,,,0,,0.006154596,,,1.02199788,0,,0,,,,0,,,0,0,,0,0,,,0.015616764,0.03202902,,0,0.046431612,0.1632852,,,,,,,0,,0,0,,0,,0,0,,0,2.600923896,,,,,
1921,4.503029004,0.007661844,0.172831104,0.057317292,0.1590984,0.08310798,0.09901782,3.923994564,0.082521828,0.108479988,3.970091232,0.09901782,0,0,0,0.012644136,,0,0,,0,0,,,,0,,0,0,0,0,,0,0.001130436,0,0,0.00041868,0,,0,,0,,0.000334944,0.007661844,,,,,,0.002344608,0,,0.001590984,0,,0,0,,,0,,0.053088624,0.098766612,0,,0,0.000167472,0,,0.012476664,,,,,0,,,,0,,0.008499204,,,1.213250904,0,,0,,,,0,,,0,0,,0,0,,,0.020473452,0.02951694,,0,0.048901824,0.1590984,,,,,,,0,,0,0,,0,,0,0,,0,2.709613224,,,,,
1922,5.026420872,0.007285032,0.18066042,0.07892118,0.1967796,0.09294696,0.125897076,4.343930604,0.092193336,0.140299668,4.390571556,0.125897076,0,0.000041868,0,0.018380052,,0,0,,0,0,,,,0,,0,0,0,0,,0,0.001088568,0,0,0.001925928,0,,0,,0,,0.000334944,0.007243164,,,,,,0.00293076,0,,0.001758456,0,,0,0,,,0,,0.051832584,0.099729576,0,,0,0.000167472,0,,0.01193238,,,,,0,,,,0,,0.01716588,,,1.143498816,0,,0,,,,0,,,0,0,,0,0,,,0.029349468,0.029851884,,0,0.057484764,0.1967796,,,,,,,0,,0,0,,0,,0,0,,0,3.19934322,,,,,
1923,5.944795452,0.006447672,0.203939028,0.100650672,0.2219004,0.099897048,0.158009832,5.1539508,0.0994365,0.185307768,5.200591752,0.158009832,0,0.000041868,0,0.020808396,,0,0,,0,0,,,,0,,0,0,0,0,,0,0.0010467,0,0,0.002553948,0,,0,,0,,0.000502416,0.006405804,,,,,,0.00293076,0,,0.002135268,0,,0,0,,,0,,0.05107896,0.118612044,0,,0,0.00020934,0,,0.010508868,,,,,0,,,,0,,0.023739156,,,0.950571072,0,,0,,,,0,,,0,0,,0,0,,,0.031484736,0.030856716,,0,0.063304416,0.2219004,,,,,,,0,,0,0,,0,,0,0,,0,4.202333028,,,,,
1924,5.928006384,0.00690822,0.209423736,0.155916432,0.2553948,0.11639304,0.184344804,4.999625352,0.115932492,0.240866604,5.0482341,0.184344804,0,0.000083736,0,0.028344636,,0,0,,0,0,,,,0,,0,0,0,0,,0,0.000962964,0,0,0.002679552,0,,0,,0,,0.000586152,0.006824484,,,,,,0.003098232,0,,0.002470212,0,,0,0,,,0,,0.051162696,0.122505768,0,,0,0.00020934,0,,0.010550736,,,,,0,,,,0,,0.025204536,,,0.894593556,0,,0,,,,0,,,0,0,,0,0,,,0.043793928,0.032280228,,0,0.07787448,0.2553948,,,,,,,0,,0,0,,0,,0,0,,0,4.104068832,,,,,
1925,6.215430204,0.007619976,0.215452728,0.24262506,0.2972628,0.13837374,0.193806972,5.120288928,0.137368908,0.315600984,5.171786568,0.193806972,0,0.000083736,0,0.037136916,,0,0,,0,0,,,,0,,0,0,0,0,,0,0.002009664,0,0,0.006028992,0,,0,,0,,0.000962964,0.00753624,,,,,,0.00272142,0,,0.003307572,0,,0,0,,,0,,0.050283468,0.128367288,0,,0,0.000334944,0,,0.011136888,,,,,0,,,,0,,0.025665084,,,0.737965368,0,,0,,,,0,,,0,0,,0,0,,,0.05107896,0.033996816,,0,0.097008156,0.2972628,,,,,,,0,,0,0,,0,,0,0,,0,4.380313896,,,,,
1926,6.379175952,0.007285032,0.212773176,0.393182388,0.3475044,0.177059772,0.205530012,5.035841172,0.176138676,0.424876464,5.08654332,0.205530012,0,0.000041868,0,0.047980728,,0,0,,0,0,,,,0,,0,0,0,0,,0,0.001967796,0,0.000083736,0.03851856,0,,0,,0,,0.00125604,0.007243164,,,,,,0.002805156,0,,0.00397746,0,,0,0,,,0,,0.0460548,0.126399492,0,,0,0.00020934,0,,0.010383264,,,,,0,,,,0,,0.029851884,,,0.576019944,0,,0,,,,0,,,0,0,,0,0,,,0.05840586,0.033326928,,0,0.135819792,0.3475044,,,,,,,0,,0,0,,0,,0,0,,0,4.457853432,,,,,
1927,7.283231676,0.007787448,0.2417877,0.600680196,0.4312404,0.19196478,0.229813452,5.5799577,0.191253024,0.598754268,5.627980296,0.229813452,0,0.000041868,0,0.052628076,,0,0,,0,0,,,,0,,0,0,0,0,,0,0.002553948,0,0.000125604,0.089764992,0,,0,,0,,0.003181968,0.00774558,,,,,,0.003056364,0,,0.004061196,0,,0,0,,,0,,0.046808424,0.154660392,0.00188406,,0,0.000251208,0,,0.010383264,,,,,0,,,,0,,0.029810016,,,0.407291904,0,,0,,,,0,,,0,0,,0,0,,,0.058029048,0.030270564,,0,0.153613692,0.4312404,,,,,,,0,,0,0,,0,,0,0,,0,5.170111848,,,,,
1928,7.648529976,0.011262492,0.273146832,0.93637782,0.4856688,0.218174148,0.245220876,5.478679008,0.217587996,0.893086308,5.527915776,0.245220876,0,0.000041868,0,0.055182024,,0,0,,0,0,,,,0.000041868,,0,0,0,0.043082172,,0,0.00334944,0,0.000125604,0.118946988,0,,0,,0,,0.006447672,0.011220624,,,,,,0.003098232,0,,0.003851856,0,,0,0,,,0,,0.007201296,0.180367344,0.003935592,,0,0.000251208,0,,0.010927548,,,,,0,,,,0,,0.031442868,,,0.300779712,0,,0,,,,0,,,0,0,,0,0,,,0.066653856,0.031107924,,0,0.179278776,0.4856688,,,,,,,0,,0,0,,0,,0,0,,0,5.174549856,,,,,
1929,8.574231456,0.0115137,0.313256376,1.143247608,0.5735916,0.23906628,0.23739156,6.056164332,0.238480128,1.076342544,6.103768248,0.23739156,0,0.000125604,0,0.057024216,,0,0,,0,0,,,,0.000125604,,0,0,0,0.041616792,,0,0.006028992,0,0.000167472,0.121877748,0,,0,,0,,0.008206128,0.011388096,,,,,,0.0031401,0,,0.004312404,0,,0,0,,,0,,0.008666676,0.219346452,0.005066028,,0,0.000251208,0,,0.011639304,,,,,0,,,,0,,0.03181968,,,0.267997068,0,,0,,,,0,,,0,0,,0,0,,,0.074399436,0.0282609,,0,0.202515516,0.5735916,,,,,,,0,,0,0,,0,,0,0,,0,5.782138272,,,,,
1930,8.176443588,0.012016116,0.304882776,1.14529914,0.774558,0.282022848,0.257739408,5.3999253,0.281059884,1.107366732,5.450292504,0.257739408,0,0.000083736,0,0.05463774,,0,0,,0,0,,,,0.000167472,,0,0,0,0.042119208,,0,0.008206128,0,0.0020934,0.116476776,0,,0,,0,,0.009252828,0.01193238,,,,,,0.003181968,0,,0.007285032,0,,0,0,,,0,,0.008959752,0.210637908,0.005066028,,0,0.000334944,0,,0.011806776,,,,,0,,,,0,,0.029265732,,,0.237056616,0,,0,,,,0,,,0,0,,0,0,,,0.069333408,0.027758484,,0,0.242499456,0.774558,,,,,,,0,,0,0,,0,,0,0,,0,5.154662556,,,,,
1931,7.911042336,0.01214172,0.278966484,1.017224928,0.9378432,0.323472168,0.249658884,5.091734952,0.322634808,0.98012988,5.142981384,0.249658884,0,0.000041868,0,0.069165936,,0,0,,0,0,,,,0.000083736,,0,0.000167472,0,0.040067676,,0,0.008289864,0,0.002553948,0.104000112,0,,0,,0,,0.010467,0.012099852,,,,,,0.003098232,0,,0.009587772,0,,0,0,,,0,,0.01004832,0.192509064,0.00502416,,0,0.000669888,0,,0.011429964,,,,,0,,,,0,,0.022148172,,,0.198161244,0,,0,,,,0,,,0,0,,0,0,,,0.05610312,0.026418708,,0,0.282860208,0.9378432,,,,,,,0,,0,0,,0,,0,0,,0,4.885283844,,,,,
1932,7.550558856,0.011388096,0.297095328,1.011907692,0.8959752,0.345662208,0.279301428,4.709228904,0.344866716,1.00420398,4.755953592,0.279301428,0,0.000041868,0,0.0785025,,0,0,,0,0,,,,0.00020934,,0,0.007494372,0,0.040653828,,0,0.005610312,0,0.00293076,0.093658716,0,,0,,0,,0.009504036,0.011346228,,,,,,0.0031401,0,,0.00962964,0,,0,0,,,0,,0.010006452,0.212228892,0.005107896,,0,0.001130436,0,,0.009462168,,,,,0,,,,0,,0.014276988,,,0.196737732,0,,0,,,,0,,,0,0,,0,0,,,0.054972684,0.023320476,,0,0.307646064,0.8959752,,,,,,,0,,0,0,,0,,0,0,,0,4.50688086,,,,,
1933,8.244981504,0.01004832,0.319745916,1.020909312,0.900162,0.34729506,0.306431892,5.340389004,0.346415832,1.03979178,5.386443804,0.306431892,0.000083736,0.000041868,0,0.081684468,,0,0.000041868,,0.000167472,0,,,,0.000586152,,0,0.01193238,0,0.040905036,,0,0.006154596,0,0.003642516,0.075027456,0,,0,,0,,0.00962964,0.009964584,,,,,,0.003307572,0,,0.010006452,0,,0,0,,,0,,0.009378432,0.23173938,0.00481482,,0,0.001130436,0,,0.008457336,,,,,0,,,,0,,0.013648968,,,0.20389716,0,,0.000041868,,,,0,,,0,0,,0,0,,,0.073771416,0.023069268,,0,0.308860236,0.900162,,,,,,,0,,0,0,,0,,0,0,,0,5.130337248,,,,,
1934,8.70079842,0.009294696,0.3485511,1.189595484,1.0132056,0.395401392,0.361362708,5.38338744,0.39418722,1.211199372,5.433796512,0.361362708,0.000083736,0,0,0.083652264,,0,0.000167472,,0.001632852,0,,,,0.00083736,,0,0.015826104,0,0.041826132,,0,0.007578108,0,0.003851856,0.098892216,0,,0,,0,,0.009713376,0.009252828,,,,,,0.003265704,0,,0.013314024,0,,0,0,,,0,,0.011053152,0.25351074,0.039104712,,0,0.00083736,0,,0.010634472,,,,,0,,,,0,,0.011806776,,,0.228934224,0,,0.000041868,,,,0,,,0,0,,0,0,,,0.090518616,0.022148172,,0,0.354454488,1.0132056,,,,,,,0,,0,0,,0,,0,0,,0,5.146875108,,,,,
1935,9.459572184,0.007619976,0.356338548,1.28095146,1.0550736,0.395359524,0.474741252,5.889487824,0.394270956,1.398642408,5.946260832,0.474741252,0.000251208,0,0,0.085285116,,0,0.000293076,,0.007243164,0,,,,0.000879228,,0,0.018798732,0,0.041281848,,0,0.007787448,0,0.005903388,0.100566936,0,,0,,0,,0.01025766,0.007619976,,,,,,0.003181968,0,,0.017877636,0,,0,0,,,0,,0.01172304,0.254641176,0.148966344,,0,0.000669888,0,,0.013146552,,,,,0,,,,0,,0.010801944,,,0.243127476,0,,0,,,,0,,,0,0,,0,0,,,0.094328604,0.02156202,,0,0.350686368,1.0550736,,,,,,,0,,0,0,,0,,0,0,,0,5.6385729,,,,,
1936,10.30212382,0.007661844,0.37346256,1.348484544,1.1471832,0.410850684,0.538464348,6.476016636,0.408338604,1.484053128,6.53475744,0.538464348,0.001716588,0,0,0.092612016,,0,0.000334944,,0.02658618,0,,,,0.000544284,,0,0.019217412,0,0.042454152,,0,0.008080524,0,0.006950088,0.107851968,0,,0,,0,,0.011388096,0.007661844,,,,,,0.00293076,0,,0.01863126,0,,0,0,,,0,,0.011053152,0.269546184,0.163033992,,0,0.000669888,0,,0.014737536,,,,,0,,,,0,,0.009462168,,,0.246100104,0,,0,,,,0,,,0,0,,0,0,,,0.097301232,0.021394548,,0,0.364377204,1.1471832,,,,,,,0,,0,0,,0,,0,0,,0,6.221836008,,,,,
1937,11.72571955,0.007285032,0.416084184,1.579302828,1.193238,0.348927912,0.649456416,7.53142518,0.344196828,1.777966488,7.59108708,0.649456416,0.003935592,0,0,0.09797112,,0,0.001381644,,0.044421948,0,,,,0.000669888,,0,0.023990364,0,0.043919532,,0,0.012937212,0,0.008122392,0.117523476,0,,0,,0,,0.01193238,0.007159428,,,,,,0.00293076,0,,0.018882468,0,,0,0,,,0.000083736,,0.012099852,0.304045416,0.172203084,,0,0.000586152,0,,0.014779404,,,,,0,,,,0,,0.008917884,,,0.280976148,0,,0.000125604,,,,0,,,0,0,,0,0,,,0.0962964,0.020975868,,0,0.2993562,1.193238,,,,,,,0,,0,0,,0,,0,0,,0,7.23751182,,,,,
1938,11.44666933,0.009587772,0.430277436,1.610955036,1.2644136,0.336158172,0.657201996,7.13807532,0.33054786,1.797476976,7.207324992,0.657201996,0.004772952,0,0,0.102325392,,0,0.002386476,,0.047436444,0,,,,0.000753624,,0,0.029600676,0,0.042161076,,0,0.036550764,0,0.011388096,0.124934112,0,,0,,0,,0.012434796,0.009462168,,,,,,0.003014496,0,,0.025497612,0,,0,0,,,0.001800324,,0.013942044,0.309739464,0.173249784,,0,0.000544284,0,,0.014737536,,,,,0,,,,0,,0.008499204,,,0.23069268,0,,0.000125604,,,,0,,,0,0,,0,0,,,0.087797196,0.021227076,,0,0.276077592,1.2644136,,,,,,,0,,0,0,,0,,0,0,,0,6.870831876,,,,,
1939,11.92601606,0.028093428,0.459417564,1.737061452,1.2686004,0.336702456,0.639408096,7.456732668,0.329877972,1.887074496,7.538835816,0.639408096,0.005903388,0,0,0.111494484,,0,0.006028992,,0.043458984,0,,,,0.001172304,,0,0.032698908,0,0.044087004,,0,0.042579756,0,0.016077312,0.1381644,0,,0,,0,,0.01276974,0.027884088,,,,,,0.00293076,0,,0.03098232,0,,0,0,,,0.006028992,,0.013020948,0.332808732,0.165922884,,0,0.000502416,0,,0.013481496,,,,,0,,,,0,,0.007033824,,,0.256985784,0,,0.00020934,,,,0,,,0,0,,0,0,,,0.075111192,0.0219807,,0,0.26125632,1.2686004,,,,,,,0,,0,0,,0,,0,0,,0.000167472,7.157167128,,,,,
1940,12.31015496,0.039104712,0.471015,1.637415612,1.3020948,0.351733068,0.541227636,7.967564136,0.340972992,1.662703884,8.077760712,0.541227636,0.009462168,0,0,0.123426864,,0,0.017291484,,0.040486356,0,,,,0.001590984,,0,0.036383292,0,0.043291512,,0,0.047227104,0,0.02449278,0.14800338,0,,0,,0,,0.01297908,0.038895372,,,,,,0.002888892,0,,0.044212608,0,,0,0,,,0.010634472,,0.015449292,0.332390052,0.104963076,,0,0.000041868,0,,0.012476664,,,,,0,,,,0,,0.006322068,,,0.263810268,0,,0.00020934,,,,0,,,0,0,,0,0,,,0.067365612,0.021938832,,0,0.24325308,1.3020948,,,,,,,0,,0,0,,0,,0,0,,0.000711756,7.656526764,,,,,
1941,12.68072863,0.051372036,0.41721462,1.871457732,1.348191468,0.335320812,0.409762116,8.247409848,0.325398096,1.775580012,8.355303684,0.409762116,0.008457336,0,0,0.1318842,,0,0.027297936,,0.038895372,0,,,,0.001297908,,0,0.026000028,0,0.043458984,,0,0.05568444,0,0.027758484,0.142686144,0,,0,,0,,0.00858294,0.051120828,,,,,,0.002428344,0,,0.037764936,0,,0,0,,,0.017668296,,0.016202916,0.28826118,0.065607156,,0,0.000502416,0,,0.010801944,,,,,0,,,,0,,0.004521744,,,0.25790688,0,,0.000251208,,,,0,,,0,0,,0,0,,,0.066277044,0.010132056,,0,0.228306204,1.348191468,,,,,,,0,,0,0,,0,,0,0,,0.001297908,7.933818528,,,,,
1942,11.93618999,0.049697316,0.219932604,1.329769548,1.288738908,0.366847416,0.57003282,8.111171376,0.355208112,1.448967744,8.239078116,0.57003282,0.010132056,0,0,0.142016256,,0,0.036467028,,0.035713404,0,,,,0.00167472,,0.000167472,0.016998408,0,0.013983912,,0,0.05694048,0,0.034206156,0.06133662,0,,0,,0,,0.012602268,0.049487976,,,,,,0.00272142,0,,0.031149792,0,,0,0,,,0.027884088,,0.015616764,0.129079044,0.10864746,,0,0.000544284,0,,0.009880848,,,,,0,,,,0,,0,,,0.208586376,0,,0.00020934,,,,0,,,0,0,,0,0,,,0.07578108,0.015784236,,0,0.23718222,1.288738908,,,,,,,0,,0,0,,0,,0,0,,0.003475044,7.84564452,,,,,
1943,12.84514427,0.05400972,0.329543028,1.539988776,1.14550848,0.367642908,0.627308244,8.781143112,0.359771724,1.689708744,8.930360664,0.627308244,0.006322068,0,0,0.148757004,,0,0.046222272,,0.037639332,0,,,,0.001842192,,0.000251208,0.02553948,0,0.005610312,,0,0.05421906,0,0.013020948,0.077581404,0,,0,,0,,0.01276974,0.05380038,,,,,,0.002847024,0,,0.029768148,0,,0,0,,,0.035127252,,0.015323688,0.259707204,0.149552496,,0,0.000460548,0,,0.010215792,,,,,0,,,,0,,0,,,0.210637908,0,,0.00020934,,,,0,,,0,0,,0,0,,,0.081558864,0.019761696,,0,0.220769964,1.14550848,,,,,,,0,,0,0,,0,,0,0,,0.00481482,8.516286144,,,,,
1944,14.75327837,0.056856744,0.191629836,2.054965176,1.558913112,0.291861828,0.821952576,9.777099096,0.287172612,2.348501724,9.92627478,0.821952576,0.0020934,0.000041868,0,0.145156356,,0,0.050785884,,0.038434824,0,,,,0.001716588,,0.000334944,0.034038684,0,0.0041868,,0,0.054595872,0,0.008415468,0.131172444,0,,0,,0,,0.015993576,0.056647404,,,,,,0.002470212,0,,0.030228696,0,,0,0,,,0.034876044,,0.015574896,0.119700612,0.174338352,,0,0.000293076,0,,0.009587772,,,,,0,,,,0,,0,,,0.228892356,0,,0.000167472,,,,0,,,0,0,,0,0,,,0.080135352,0.016914672,,0,0.1475847,1.558913112,,,,,,,0,,0,0,,0,,0,0,,0.004019328,9.493610868,,,,,
1945,14.73602875,0.056647404,0.087378516,2.43106542,0.8122392,0.274947156,1.071318384,10.00243267,0.271848924,2.9841417,10.0892669,1.071318384,0.00167472,0,0,0.137075832,,0,0.01863126,,0.041826132,0,,,,0.0020934,,0.00041868,0.0125604,0,0.004061196,,0,0.045677988,0,0.0073269,0.132177276,0,,0,,0,,0.01444446,0.0565218,,,,,,0.001214172,0,,0.022734324,0,,0,0,,,0.02742354,,0.013230288,0.040863168,0.192885876,,0,0.000293076,0,,0.009252828,,,,,0,,,,0,,0,,,0.260879508,0,,0.000125604,,,,0,,,0,0,,0,0,,,0.076492836,0.004228668,,0,0.19426752,0.8122392,,,,,,,0,,0,0,,0,,0,0,,0.003056364,9.695875176,,,,,
1946,15.67504426,0.05380038,0.048190068,2.793809772,0.910461528,0.287758764,1.434941964,10.14608178,0.279343296,3.734039448,10.25791121,1.434941964,0.006322068,0,0,0.124599168,,0,0.03537846,,0.04584546,0,,,,0.001967796,,0.000376812,0.01214172,0,0.000083736,,0,0.040444488,0,0.00293076,0.129874536,0,,0.000502416,,0,,0.012853476,0.053674776,,,,,,0.002177136,0,,0.0272142,0,,0,0,,,0.02867958,,0.012267324,0.012644136,0.19594224,,0,0.000460548,0,,0.008038656,,,,,0.0334944,,,,0,,0,,,0.295001928,0,,0.000125604,,,,0.002637684,,,0,0,,0,0,,,0.068621652,0.004898556,,0,0.175552524,0.910461528,,,,,,,0,,0,0,,0,,0,0,,0.002344608,9.810635364,,,,,
1947,17.2675355,0.055977516,0.142728012,3.097143432,1.089489096,0.280138788,1.716922944,10.88513572,0.26439642,4.285106064,10.99763503,1.716922944,0.012644136,0,0,0.130879368,,0,0.03809988,,0.053884116,0,,,,0.002051532,,0.000544284,0.072347904,0,0.000334944,,0,0.041114376,0,0.002177136,0.14465394,0,,0.000711756,,0,,0.013020948,0.055851912,,,,,,0.0020934,0,,0.024157836,0,,0,0,,,0.02386476,,0.010425132,0.046599084,0.196863336,,0,0.00041868,0,,0.007578108,,,,,0.0921096,,,,0,,0.0010467,,,0.337163004,0,,0.000125604,,,,0.008917884,,,0,0,,0,0.0020934,,,0.071133732,0.005359104,,0,0.15951708,1.089489096,,,,,,,0,,0,0,,0,,0,0.000041868,,0.001967796,10.50685834,,,,,
1948,19.54394053,0.079297992,0.321629976,3.435520608,1.224597132,0.304631568,2.330624088,11.84763917,0.29140128,5.221944432,11.97211273,2.330624088,0.009504036,0,0,0.139127364,,0,0.0397746,,0.062467056,0,,,,0.00251208,,0.000795492,0.112499316,0,0.0020934,,0,0.066863196,0,0.003056364,0.137787588,0,,0.000544284,,0,,0.014151384,0.078753708,,,,,,0.002177136,0,,0.02658618,0,,0,0,,,0.02030598,,0.010508868,0.182000196,0.143439768,,0,0.000376812,0,,0.006657012,,,,,0.2679552,,,,0,,0.001967796,,,0.350518896,0,,0.000544284,,,,0.020766528,,,0,0,,0,0.00272142,,,0.078376896,0.00586152,,0,0.173710332,1.224597132,,,,,,,0,,0,0,,0,,0,0.000125604,,0.001842192,11.43025708,,,,,
1949,19.4318599,0.096547608,0.432956988,3.408306408,1.400233392,0.3579714,2.868920964,10.86692314,0.338460912,5.693503716,11.0175642,2.868920964,0.013858308,0,0,0.135317376,,0,0.0481482,,0.062885736,0,,,,0.003684384,,0.000586152,0.140509008,0,0.001423512,,0,0.11785842,0.000293076,0.004940424,0.172119348,0,,0.000376812,,0,,0.014151384,0.095835852,,,,,,0.002428344,0,,0.035252856,0,,0,0,,,0.021185208,,0.010592604,0.259497864,0.170277156,,0,0.000376812,0,,0.008122392,,,,,0.518242104,,,,0,,0.002428344,,,0.327324024,0,,0.000711756,,,,0.026000028,,,0,0,,0,0.005275368,,,0.082396224,0.006363936,,0.0041868,0.1967796,1.400233392,,,,,,,0,,0,0,,0,,0,0.000502416,,0.001925928,10.42174069,,,,,
1950,21.80008145,0.110908332,0.513050472,3.83134068,1.585876104,0.410348268,3.5933211,11.75523649,0.396866772,6.80648076,11.95724959,3.5933211,0.005526576,0.000125604,0,0.140550876,,0,0.071133732,,0.063053208,0,,,,0.003475044,,0.001842192,0.172328688,0,0.00293076,,0,0.163536408,0.003433176,0.008457336,0.197240148,0,,0.00062802,,0,,0.014528196,0.109149876,,,,,,0.005359104,0,,0.046850292,0,,0,0,,,0.021436416,,0.010843812,0.296299836,0.275658912,,0,0.000334944,0,,0.012267324,,,,,0.71971092,,,,0,,0.002428344,,,0.42516954,0,,0.001632852,,,,0.02951694,,,0,0,,0,0.0073269,,,0.085871268,0.006782616,,0.068496048,0.211307796,1.585876104,,,,,,,0.000041868,,0,0.002177136,,0,,0,0.000711756,,0.001925928,11.16653054,,,,,
1951,24.72204917,0.10111122,0.610937856,4.34045556,1.769048604,0.504844344,3.95610732,13.43954426,0.4877622,7.6388166,13.68631426,3.95610732,0.005107896,0.000293076,0,0.146579868,,0,0.095584644,,0.062927604,0,,,,0.002847024,,0.00376812,0.208125828,0,0.004772952,,0,0.268122672,0.004144932,0.012811608,0.222360948,0,,0.000544284,,0,,0.014946876,0.097636176,,,,,,0.012183588,0,,0.057233556,0,,0,0,,,0.020892132,,0.011262492,0.34980714,0.359729856,,0,0.000753624,0,,0.014067648,,,,,1.173015756,,,,0,,0.002177136,,,0.45384912,0,,0.003181968,,,,0.029893752,,,0,0,,0,0.00774558,,,0.089555652,0.007578108,,0.09922716,0.260042148,1.769048604,,,,,,,0.000041868,,0,0.00167472,,0,,0,0.000795492,,0.00188406,12.71757247,,,,,
1952,25.98587662,0.104628132,0.638821944,4.586471928,1.980816948,0.628145604,4.286529576,13.76046248,0.609891156,8.204620752,14.05408277,4.286529576,0.006238332,0.001925928,0,0.148715136,,0,0.115723152,,0.06301134,0,,,,0.002805156,,0.004103064,0.212438232,0,0.005275368,,0,0.344824848,0.004982292,0.018254448,0.224119404,0,,0.00062802,,0,,0.0157005,0.098473536,,,,,,0.0146538,0,,0.07347834,0,,0,0,,,0.025037064,,0.011011284,0.367642908,0.775437228,,0,0.002679552,0,,0.012811608,,,,,1.565277048,,,,0,,0.002135268,,,0.45971064,0,,0.004228668,,,,0.02993562,,,0,0,,0,0.009085356,,,0.094161132,0.00900162,,0.138038796,0.335027736,1.980816948,,,,,,,0.000334944,,0,0.00167472,,0,,0,0.000921096,,0.002344608,12.955927,,,,,
1953,27.4770473,0.106302852,0.711588528,4.510481508,2.209667436,0.727749576,4.993889436,14.21736797,0.708029748,8.808482916,14.56658896,4.993889436,0.0062802,0.00355878,0,0.17082144,,0,0.134856828,,0.062843868,0,,,,0.003265704,,0.004982292,0.204357708,0,0.005945256,,0,0.455565708,0.006866352,0.026041896,0.228348072,0,,0.000879228,,0,,0.016370388,0.098431668,,,,,,0.015365556,0,,0.091649052,0,,0,0,,,0.035420328,,0.011388096,0.439069716,1.180091448,,0,0.00355878,0,,0.012392928,,,,,1.800910152,,,,0,,0.0020934,,,0.42537888,0,,0.004312404,,,,0.03433176,,,0,0,,0,0.010132056,,,0.089471916,0.007913052,,0.170067816,0.379240344,2.209667436,,,,,,,0.00062802,,0,0.002763288,,0,,0,0.001130436,,0.00230274,13.33642338,,,,,
1954,28.76649797,0.090476748,0.755131248,4.831609068,2.481976908,0.816174792,5.660721072,14.13040813,0.79214256,9.76319892,14.53899794,5.660721072,0.0073269,0.003056364,0,0.177059772,,0,0.144360864,,0.062927604,0,,,,0.009252828,,0.005400972,0.200463984,0.00020934,0.00753624,,0,0.541060164,0.009462168,0.033033852,0.23153004,0,,0.000586152,,0,,0.01737522,0.08247996,,,,,,0.02114334,0,,0.111620088,0,,0,0,,,0.050953356,,0.012853476,0.474322572,1.2822075,,0,0.003014496,0,,0.0125604,,,,,2.00610522,,,,0,,0.002972628,,,0.49111164,0,,0.004940424,,,,0.039314052,,,0,0,,0,0.011136888,,,0.095961456,0.007703712,,0.200045304,0.407836188,2.481976908,,,,,,,0.000921096,,0,0.002595816,,0,,0,0.002428344,,0.002470212,13.09823633,,,,,
1955,32.23974164,0.082814904,0.823501692,5.450920524,2.963961324,0.934828704,6.673047444,15.31066705,0.903385836,11.36473366,15.80060639,6.673005576,0.008708544,0.00230274,0,0.18275382,,0,0.153488088,,0.062885736,0,,,,0.014695668,,0.011053152,0.219932604,0.0062802,0.008834148,,0,0.72892188,0.014067648,0.040444488,0.229980924,0,,0.002135268,,0,,0.019510488,0.076241628,,,,,,0.036760104,0,,0.131758596,0,,0,0,,,0.067030668,,0.014528196,0.510957072,1.391734188,,0.000041868,0.008541072,0,,0.013146552,,,,,2.307178008,,,,0,,0.002805156,,,0.52481538,0.00083736,,0.004270536,,,,0.042872832,,,0,0,,0,0.011848644,,,0.096422004,0.00753624,,0.227678184,0.44191674,2.963961324,,,,,,,0.00146538,,0,0.003475044,,0,,0,0.007494372,,0.002260872,14.05692979,,,,,
1956,35.08509092,0.078209424,0.888271488,6.204670128,3.508789608,0.988419744,7.107386076,16.30934446,0.947640312,12.47239346,16.83462038,7.106506848,0.011136888,0.001423512,0.000334944,0.185768316,,0,0.143523504,,0.063053208,0,,,,0.017458956,,0.022231908,0.236009916,0.010341396,0.009671508,,0,0.968448708,0.019343016,0.048692484,0.255562272,0,,0.002972628,,0,,0.018882468,0.072389772,,,,,,0.052921152,0,,0.14695668,0,,0,0,,,0.050325336,,0.016579728,0.548177724,1.3177953,,0.000879228,0.023822892,0,,0.01297908,,,,,2.323967076,,,,0,,0.003014496,,,0.532267884,0.00083736,,0.004061196,,,,0.045929196,,,0,0,,0,0.01214172,,,0.10278594,0.007703712,,0.246016368,0.45719856,3.508789608,,,,,,,0.002470212,,0,0.003684384,,0,,0,0.012811608,,0.002763288,14.80862786,,,,,
1957,36.97476124,0.112080636,1.018815912,7.001334432,4.117550328,1.055450412,7.320787272,16.34874224,1.001356956,13.37582117,16.91969616,7.3185264,0.02051532,0.000879228,0.00041868,0.203394744,,0,0.133391448,,0.066946932,0,,,,0.019510488,,0.055307628,0.231278832,0.01193238,0.01653786,,0,1.024049412,0.02365542,0.06112728,0.264898836,0,,0.002386476,,0,,0.017626428,0.100357596,,,,,,0.059075748,0.007243164,,0.16600662,0,,0,0,,,0.0282609,,0.01842192,0.6615144,0.921012264,,0.002260872,0.052837416,0,,0.013439628,,,,,2.451036456,,,,0,,0.002805156,,,0.518242104,0.000962964,,0.0031401,,,,0.063764964,,,0.000041868,0,,0,0.012602268,,,0.107475156,0.007578108,,0.278338464,0.46808424,4.117550328,,,,,,,0.003014496,,0,0.00397746,,0,,0,0.012476664,,0.003433176,14.80645073,,,,,
1958,37.90071392,0.188364132,1.0686807,6.655588488,4.740127488,1.085888448,8.824602096,15.33746257,1.031460048,14.46229577,15.94459044,8.820875844,0.016872804,0.017961372,0.002135268,0.213610536,,0,0.118737648,,0.085159512,0,,,,0.018756864,,0.103539564,0.218090412,0.009294696,0.019343016,,0,0.931939812,0.030396168,0.094789152,0.265526856,0,,0.001925928,,0,,0.01716588,0.133307712,,,,,,0.058029048,0.02114334,,0.185810184,0,,0,0,,,0.03475044,,0.018380052,0.685672236,1.499586156,,0.003726252,0.064727928,0,,0.015365556,,,,,3.003987132,,,,0,,0.002428344,,,0.54909882,0.00146538,,0.003098232,,,,0.067868028,,,0.010718208,0,,0,0.013020948,,,0.104753736,0.0073269,,0.344238696,0.474615648,4.740127488,,,,,,,0.003014496,,0,0.003935592,,0,,0,0.013774572,,0.00334944,13.85642394,,,,,
1959,40.89909074,0.243629892,1.228239648,7.174249272,5.424292476,1.143708156,9.511446636,16.17352466,1.077389244,15.56702482,16.83244325,9.506087532,0.020054772,0.051581376,0.002135268,0.267034104,,0,0.102911544,,0.094286736,0,,,,0.017291484,,0.129079044,0.22566852,0.008038656,0.022148172,,0,1.040545404,0.035085384,0.1549116,0.304003548,0,,0.001088568,,0,,0.015239952,0.13209354,,,,,,0.067742424,0.031526604,,0.21394548,0,,0,0,,,0.043375248,,0.0188406,0.772380864,1.75594392,,0.005359104,0.07096626,0,,0.016998408,,,,,3.016715004,,,,0,,0.002344608,,,0.565887888,0.00146538,,0.00397746,,,,0.074231964,,,0.022315644,0,,0,0.013355892,,,0.09880848,0.0073269,,0.334650924,0.478886184,5.424292476,,,,,,,0.002595816,,0,0.003893724,,0,,0,0.01632852,,0.003475044,14.56709137,,,,,
1960,44.06703296,0.577736532,1.376452368,7.548758532,6.190560612,1.231672824,10.92331933,16.21853276,1.140233112,17.49111062,16.94615674,10.91791836,0.030479904,0.361404576,0.002805156,0.382589784,,0,0.102492864,,0.094454208,0,,,,0.019510488,,0.16202916,0.191881044,0.0083736,0.02281806,,0,1.068010812,0.039481524,0.230274,0.317526912,0.002177136,,0.000586152,,0,,0.01507248,0.138959892,,,,,,0.082773036,0.0334944,,0.23153004,0,,0,0,,,0.050953356,,0.019008072,0.871231212,1.987348356,,0.005400972,0.083652264,0,,0.022022568,,,,,3.55124376,,,,0,,0.00251208,,,0.581504652,0.001214172,,0.003851856,,,,0.080302824,,,0.035043516,0,,0,0.015114348,,,0.107684496,0.008122392,,0.343820016,0.481482,6.190560612,,,,,,,0.002679552,,0,0.004270536,,0.000251208,,0,0.0157005,,0.003600648,14.5690173,,,,,
1961,46.90580897,0.990052596,1.416520044,7.838192016,6.952935024,1.305402372,11.69745865,16.70524826,1.192023828,18.7569896,17.50032158,11.69180647,0.032280228,0.655527276,0.004354272,0.492032736,,0,0.098641008,,0.094119264,0,,,,0.01632852,,0.190457532,0.172663632,0.008666676,0.023613552,,0,1.244400696,0.050576544,0.2595816,0.303040584,0.004312404,,0.00041868,,0,,0.016161048,0.159893892,,,,,,0.090560484,0.032405832,,0.259874676,0,,0,0,,,0.061001676,,0.021478284,0.891118512,2.050652772,,0.00565218,0.082563696,0,,0.027507276,,,,,3.638454804,,,,0.036676368,,0.00251208,,,0.626889564,0.001088568,,0.00334944,,,,0.085661928,,,0.093533112,0,,0,0.016202916,,,0.108312516,0.008499204,,0.350937576,0.484915176,6.952935024,,,,,,,0.00272142,,0,0.004479876,,0.000586152,,0,0.018505656,,0.004438008,14.833958,,,,,
1962,50.88121744,1.62636246,1.519138512,8.551915812,7.797663792,1.373228532,12.83848726,17.17442107,1.244191356,20.76610932,18.03263134,12.83283508,0.03286638,0.858587076,0.019719828,0.57421962,,0,0.100231992,,0.094161132,0,,,,0.015239952,,0.182837556,0.15867972,0.008331732,0.024450912,,0,1.37599182,0.063806832,0.2847024,0.295546212,0.005149764,,0.000502416,,0,,0.01423512,0.19824498,,,,,,0.09922716,0.034624836,,0.284953608,0,,0,0,,,0.068705388,,0.045133704,0.95291568,2.058565824,,0.00565218,0.075613608,0,,0.030312432,,,,,4.10892552,,,,0.367642908,,0.002428344,,,0.65649024,0.000962964,,0.005317236,,,,0.090309276,,,0.137075832,0,,0,0.019133676,,,0.118151496,0.008499204,,0.368773344,0.496721952,7.797663792,,,,,,,0.00272142,,0,0.004228668,,0.000293076,,0,0.02491146,,0.004647348,15.14193901,,,,,
1963,54.59055476,2.395519488,1.543547556,8.725165596,8.627696892,1.443943584,14.15448223,17.70019942,1.3062816,22.34909653,18.62426804,14.14816016,0.031442868,0.989633916,0.0334944,0.567981288,,0,0.10969416,,0.094454208,0,,,,0.018547524,,0.195481692,0.143942184,0.007243164,0.026628048,,0,1.45093554,0.072096696,0.31401,0.344489904,0.004563612,,0.001297908,,0,,0.0136071,0.236470464,,,,,,0.105591096,0.037178784,,0.310576824,0,,0,0,,,0.073520208,,0.069165936,0.9326097,2.372617692,,0.006322068,0.074692512,0,,0.033829344,,,,,4.404136788,,,,0.932484096,,0.002177136,,,0.674326008,0.000795492,,0.0062802,,,,0.09273762,,,0.155414016,0,,0,0.019971036,,,0.120035556,0.008876016,,0.38078946,0.512171244,8.627696892,,,,,,,0.00272142,,0,0.003307572,,0.000251208,,0,0.031233528,,0.005149764,15.57493787,,,,,
1964,58.95625673,3.447913536,1.642732848,9.125214336,9.361810404,1.539528228,15.84615877,17.9928986,1.385495856,24.6049025,19.0028385,15.83782704,0.031987152,1.109041452,0.03789054,0.586319472,,0.00795492,0.111494484,,0.103037148,0,,,,0.017919504,,0.182251404,0.148380192,0.00669888,0.023278608,,0,1.546478316,0.074692512,0.355878,0.359939196,0.003475044,,0.001549116,,0,,0.015449292,0.26607114,,,,,,0.119156328,0.044296344,,0.323765244,0,,0,0,,,0.075404268,,0.092612016,0.959572692,2.580199236,,0.008331732,0.111745692,0,,0.028847052,,,,,4.848021324,,,,1.733712012,,0.002051532,,,0.678554676,0.000753624,,0.00502416,,,,0.09504036,,,0.248402844,0,,0,0.022901796,,,0.133182108,0.011806776,,0.4239135,0.51895386,9.361810404,,,,,,,0.00272142,,0,0.003391308,,0.000083736,,0,0.038560428,,0.005317236,15.76786561,,,,,
1965,63.2522066,4.47861996,1.839303108,9.34724034,10.16923478,1.598645844,17.3405533,18.47860927,1.405634364,26.56583215,19.52413697,17.33201222,0.034415496,1.108706508,0.02742354,0.572419296,,0.013942044,0.11953314,,0.118988856,0,,,,0.018338184,,0.187903584,0.164792448,0.009587772,0.02281806,,0,1.669193424,0.069333408,0.41868,0.423871632,0.002972628,,0.002386476,,0,,0.015742368,0.271220904,,,,,,0.125520264,0.052921152,,0.333436752,0,,0,0,,,0.075488004,,0.160019496,1.004790132,2.699397432,,0.008541072,0.09252828,0,,0.028302768,,,,,4.959557676,,,,2.448943056,,0.002051532,,,0.69249672,0.000586152,,0.004312404,,,,0.10027386,,,0.562119768,0,,0,0.02239938,,,0.128995308,0.014193252,,0.458915148,0.526322628,10.16923478,,,,,,,0.00293076,,0,0.002386476,,0.000083736,,0,0.064183644,,0.003433176,16.11691913,,,,,
1966,68.63484042,5.709790368,2.012720364,9.215063064,11.1002535,1.616649084,19.33288394,19.6474801,1.393115832,28.90403435,20.69501746,19.32501276,0.037095048,1.417734216,0.026418708,0.609556212,,0.022231908,0.115430076,,0.128911572,0,,,,0.033201324,,0.232283664,0.196486524,0.016914672,0.023781024,,0,1.805013216,0.06782616,0.544284,0.415665504,0.002595816,,0.002888892,,0,,0.014695668,0.261968076,,,,,,0.122756976,0.060582996,,0.332766864,0,,0,0,,,0.07138494,,0.194560596,0.97301232,2.845307412,,0.007871184,0.073603944,0,,0.032740776,,,,,5.220437184,,,,3.04150086,,0.002009664,,,0.71133732,0.000502416,,0.004312404,,,,0.099059688,,,0.862397064,0,,0,0.021645756,,,0.1287441,0.0167472,,0.57966246,0.5369571,11.1002535,,,,,,,0.0031401,,0,0.001130436,,0.000083736,,0.032280228,0.085452588,,0.003223836,17.13112956,,,,,
1967,73.71104234,6.37105356,2.089799352,9.828889812,12.06083102,1.662871356,20.74165841,20.95593883,1.398684276,30.60094439,22.03969201,20.61643122,0.041198112,1.6359921,0.022483116,0.67051602,,0.042830964,0.11241558,,0.145240092,0,,,,0.079297992,,0.296383572,0.213484932,0.020892132,0.024576516,,0,1.978221132,0.06782616,0.460548,0.402058404,0.0020934,,0.004856688,,0,,0.012057984,0.280348128,,,,,,0.118570176,0.144193392,,0.335237076,0,,0,0,,,0.070589448,,0.237265956,1.05318954,2.507223312,,0.005610312,0.067240008,0,,0.032991984,,,,,5.253512904,,,,3.495015036,,0.001925928,,,0.783015336,0.00041868,,0.004144932,,,,0.09483102,,,0.692957268,0,,0.119616876,0.021017736,,,0.144570204,0.0188406,,0.648242244,0.552908808,12.06083102,,,,,,,0.003516912,,0,0,,0.000083736,,0.093826188,0.115220736,,0.003642516,18.19470236,,,,,
1968,80.4943701,8.155007172,2.537870688,10.0754086,12.9434922,1.687950288,23.28723281,21.80740835,1.397511972,32.63003514,22.94286851,22.73637553,0.047478312,1.796304672,0.031401,0.7337367,,0.078209424,0.114048432,,0.157967964,0,,,,0.081810072,,0.321713712,0.250286904,0.0198873,0.030521772,,0,2.136482172,0.07473438,0.62802,0.37723068,0.001800324,,0.008289864,,0,,0.01004832,0.444093876,,,,,,0.112541184,0.194351256,,0.337539816,0,,0,0,,,0.075655476,,0.245053404,1.243982016,3.0888117,,0.004940424,0.06301134,0,,0.031149792,,,,,5.504051016,,,,5.256066852,,0.008457336,,,0.835140996,0.000334944,,0.003726252,,,,0.089890596,,,0.293662152,0,,0.502918416,0.021687624,,,0.151269084,0.0198873,,0.68182038,0.55621638,12.9434922,,,,,,,0.005317236,,0,0,,0.000167472,,0.133600788,0.129958272,,0.003516912,18.83578518,,,,,
1969,86.63632196,10.35441695,2.872647216,10.08361472,13.74832076,1.69921278,25.61337702,22.26473251,1.371009528,35.619201,23.40626353,24.81365635,0.054721476,1.875016512,0.102911544,0.760574088,,0.084029076,0.115471944,,0.159014664,0,,,,0.078544368,,0.344950452,0.255687876,0.0136071,0.033243192,,0,2.307931632,0.071636148,0.6112728,0.457784712,0.001130436,,0.008624808,,0,,0.008876016,0.61943706,,,,,,0.104628132,0.210512304,,0.333311148,0,,0,0,,,0.073436472,,0.281478564,1.53320616,3.11853798,,0.004144932,0.061839036,0,,0.031359132,,,,,5.8332591,,,,6.275217708,,0.018714996,,,0.881656344,0.00020934,,0.002470212,,,,0.08457336,,,1.1126421,0,,0.685295424,0.022315644,,,0.147333492,0.018380052,,0.7128027,0.554583528,13.74832076,,,,,,,0.00795492,,0,0,,0.000083736,,0.155079072,0.151687764,,0.003223836,19.07514454,,,,,
1970,95.27486267,12.4694627,3.833057268,10.3561754,14.78103685,1.693518732,28.74589891,23.3957128,1.354974084,40.35405312,24.77668691,27.87127639,0.062257716,2.01824694,0.21206142,0.838448568,,0.355626792,0.117146664,,0.1601451,0,,,,0.046975896,,0.33410664,0.27988758,0.013983912,0.033410664,,0,2.595816,0.061462224,1.00190124,0.474238836,0.000795492,,0.006657012,,0,,0.008080524,0.875208672,,,,,,0.096673212,0.227050164,,0.3192435,0,,0,0,,,0.081098316,,0.285079212,1.783493064,3.201101676,,0.003223836,0.05882454,0,,0.03223836,,,,,6.306828048,,,,6.691092552,,0.035964612,,,0.900496944,0,,0.001842192,,,,0.080344692,,,2.269371204,0,,0.694297044,0.018966204,,,0.1486314,0.017752032,,0.727372764,0.560068236,14.78103685,,,,,,,0.006322068,,0,0,,0.00041868,,0.173794068,0.148296456,,0.003516912,19.89939985,,,,,
1971,101.0729108,11.85856672,4.830687972,10.04593352,15.7873761,1.679367348,33.66300244,23.20797668,1.320851664,45.43640964,24.84208472,32.82409332,0.069375276,1.552549176,0.239526828,0.910963944,,0.652345308,0.105339888,,0.156544452,0,,,,0.07159428,,0.347630004,0.265484988,0.01276974,0.036508896,,0,2.771368524,0.058698936,1.5344622,0.465865236,0.000586152,,0.00502416,,0,,0.007494372,0.885591936,,,,,,0.077916348,0.24220638,,0.31463802,0,,0,0,,,0.08185194,,0.30082158,1.8463788,3.486180888,,0.002637684,0.053925984,0,,0.031484736,,,,,6.734719008,,,,5.567355432,,0.137159568,,,0.896645088,0,,0.000962964,,,,0.071761752,,,3.197752236,0.012267324,,0.61483158,0.016789068,,,0.127823004,0.01653786,,0.86436486,0.577485324,15.7873761,,,,,,,0.005149764,,0,0,,0.000544284,,0.172035612,0.144528336,,0.003475044,19.53996307,,,,,
1972,106.6820923,11.88372938,5.683539132,9.498760632,16.76562192,1.735931016,37.47822394,23.63628632,1.294014276,49.91553202,25.30648458,36.64228745,0.0900162,2.097000648,0.295462476,0.92653884,,0.6730281,0.103748904,,0.146035584,0,,,,0.085033908,,0.340721784,0.369401364,0.010383264,0.040528224,,0,3.157726428,0.059326956,1.7982306,0.424625256,0.014067648,,0.004689216,,0.003181968,,0.168141888,0.70505712,,,,,,0.062132112,0.264145212,,0.301407732,0,,0,0,,,0.082773036,,0.308692764,2.250656208,3.020524992,,0.002009664,0.048231936,0,,0.029977488,,,,,6.9417144,,,,4.533760116,,0.185558976,,,0.928046088,0,,0.001172304,,,,0.066863196,,,3.806554824,0.068077368,,0.588496608,0.016202916,,,0.134145072,0.014528196,,0.983604924,0.591511104,16.76562192,,,,,,,0.005777784,,0,0,,0.000251208,,0.166509036,0.141848784,,0.003475044,19.55051381,,,,,
1973,116.4090754,12.2808055,6.764152212,10.11254551,17.96292112,1.739950344,43.8734772,23.67522356,1.291753404,57.41815201,25.46487122,43.02724118,0.088215876,2.127815496,0.341391672,0.899157168,,0.801227916,0.107977572,,0.142811748,0,,,,0.091942128,,0.346499568,0.462767004,0.00795492,0.041072508,,0,3.685556304,0.053423568,2.145735,0.397452924,0.087545988,,0.005777784,,0.002847024,,0.44442882,0.589878252,,,,,,0.052502472,0.318113064,,0.280599336,0,,0,0,,,0.083275452,,0.301365864,2.772331488,4.167624456,,0.001632852,0.043877664,0,,0.0293076,,,,,6.381436824,,,,4.391199576,,0.18170712,,,0.97364034,0,,0.001758456,,,,0.062467056,,,4.26069702,0.066318912,,0.61252884,0.015616764,,,0.145784376,0.016412256,,1.151453736,0.598168116,17.96292112,,,,,,,0.031987152,,0,0,,0.000251208,,0.162405972,0.146998548,,0.003684384,19.01602692,,,,,
1974,116.812976,11.2855194,7.313209164,9.229884336,19.21104806,1.748784492,45.2099875,22.81454309,1.313692236,58.10474534,24.60075757,44.33360652,0.07410636,1.968047208,0.357594588,0.885047652,,0.793649808,0.093700584,,0.140802084,0,,,,0.088425216,,0.360776556,0.40277016,0.006028992,0.037429992,,0,3.455324172,0.04647348,2.72142,0.363665448,0.10278594,,0.007033824,,0.003726252,,0.376351452,0.512506188,,,,,,0.04521744,0.427137336,,0.26146566,0,,0,0,,,0.083610396,,0.31359132,2.826048132,4.055292612,,0.00167472,0.042830964,0,,0.028135296,,,,,5.384601612,,,,3.071603952,,0.16202916,,,1.238999724,0,,0.001004832,,,,0.061169148,,,4.671547704,0.071426808,,0.605662488,0.013523364,,,0.15972642,0.0230274,,1.034055864,0.606499848,19.21104806,,,,,,,0.082731168,,0,0,,0.000251208,,0.173291652,0.138541212,,0.003684384,18.12021919,,,,,
1975,110.9014656,10.45016906,7.691235336,7.773296616,20.54885627,2.083226076,40.580559,21.77412329,1.328974056,50.8236908,23.92178422,39.46590724,0.07619976,1.99040472,0.326193588,0.869723964,,0.844017012,0.085285116,,0.1276974,0,,,,0.078460632,,0.349681536,0.38895372,0.005107896,0.03998394,,0,2.934402516,0.041616792,3.1401,0.339214536,0.074901852,,0.009462168,,0.006196464,,0.34143354,0.70149834,,,,,,0.043040304,0.464567328,,0.242708796,0,,0,0,,,0.083987208,,0.346792644,2.685329784,4.654381824,,0.00146538,0.042621624,0,,0.025372008,,,,,4.405853376,,,,2.994943644,,0.196067844,,,1.544468652,0.000041868,,0.00083736,,,,0.059410692,,,3.70280592,0.388367568,,0.712425888,0.010927548,,,0.148757004,0.023153004,,0.883498536,0.61085412,20.54885627,,,,,,,0.084908304,,0,0,,0.000251208,,0.192969612,0.12958146,,0.041700528,17.29525212,,,,,
1976,120.3001618,12.13087619,8.795336364,7.703125848,21.76621024,2.685162312,45.98743439,21.23201642,1.75029174,56.8525572,23.99082455,44.79976483,0.0795492,2.097335592,0.316689552,0.87127308,,0.858963888,0.080847108,,0.121500936,0,,,,0.07913052,,0.340010028,0.45929196,0.004898556,0.048525012,,0,2.701700172,0.039272184,3.55878,0.316229004,0.0879228,,0.00983898,,0.00816426,,0.397243584,0.701540208,,,,,,0.044254476,0.474196968,,0.233497836,0,,0,0.000544284,,,0.089681256,,0.362535012,3.10639626,4.97831454,,0.001507248,0.046431612,0,,0.02428344,,,,,4.523669928,,,,3.912648336,,0.336032568,,,1.730697516,0,,0.000376812,,,,0.057401028,,,4.332458772,0.577736532,,0.76576572,0.011346228,,,0.1580517,0.01904994,,1.005585624,0.6154596,21.76621024,,,,,,,0.074190096,,0,0.000125604,,0.000334944,,0.15533028,0.10864746,,0.476290368,16.79961874,,,,,
1977,124.6393194,12.81428755,9.626625504,7.641789228,22.85151253,3.727675512,46.22038794,21.75704114,2.798959536,57.12181031,25.56728035,45.08538833,0.0816426,2.240733492,0.318280536,0.928087956,,0.86164344,0.074818116,,0.12120786,0,,,,0.067491216,,0.32698908,0.44128872,0.005400972,0.056228724,,0.001590984,2.707477956,0.038853504,3.92051952,0.297514008,0.068621652,,0.010718208,,0.021059604,,0.388660644,1.0079721,,,,,,0.043207776,0.471726756,,0.228934224,0,,0,0.000293076,,,0.091732788,,0.42642558,3.472155108,4.82089086,,0.001004832,0.045343044,0,,0.024827724,,,,,4.129566444,,,,4.165991604,,0.365633244,,,2.063213172,0,,0.000921096,,,,0.057861576,,,4.311106092,0.567478872,,0.710416224,0.019971036,,,0.188238528,0.015239952,,0.896561352,0.6133662,22.85151253,,,,,,,0.035336592,,0,0.000041868,,0.000586152,,0.180199872,0.109024272,,1.566616824,16.98635002,,,,,
1978,126.0184513,12.497598,10.09010426,7.683573492,23.92885991,4.47715458,44.0514162,23.28974489,3.389382072,54.68073844,27.85775303,42.97775321,0.0879228,2.39464026,0.270844092,0.972844848,,0.860261796,0.07494372,,0.115304472,0,,,,0.063053208,,0.326067984,0.466660728,0.010299528,0.059159484,,0.02114334,2.698308864,0.03265704,4.3563654,0.28281834,0.107558892,,0.01004832,,0.018086976,,0.428016564,1.022290956,,,,,,0.04626414,0.4438008,,0.2145735,0.00083736,,0,0.00125604,,,0.0921096,,0.471894228,3.368154996,5.259834972,,0.001004832,0.060792336,0,,0.022650588,,,,,4.496539464,,,,4.013340876,,0.43207776,,,2.651416704,0,,0.001004832,,,,0.05819652,,,3.96741168,0.709955676,,0.657160128,0.019719828,,,0.311581656,0.015198084,,0.98620074,0.574596432,23.92885991,,,,,,,0.04103064,,0,0.000041868,,0.00062802,,0.206995392,0.114341508,,2.183248728,17.94001932,,,,,
1979,130.8437802,13.7892258,10.26946678,8.24045976,24.51668663,5.537126736,44.643974,23.8468405,4.365073944,56.74700797,29.49805753,43.66242061,0.0879228,2.382205464,0.3673917,1.016513172,,0.82877706,0.072347904,,0.107014608,0,,,,0.054177192,,0.336702456,0.505723572,0.01088568,0.063388152,,0.083903472,3.068045172,0.04228668,4.4442882,0.26837388,0.116518644,,0.01004832,,0.01800324,,0.455272632,1.113605064,,,,,,0.050115996,0.431910288,,0.202389912,0.00083736,,0,0.003265704,,,0.084866436,,0.537626988,3.268718496,7.138200924,,0.000879228,0.07201296,0,,0.020180376,,,,,5.246604684,,,,4.223141424,,0.56375262,,,3.1599873,0,,0.000795492,,,,0.045384912,,,4.793886,0.787913892,,0.616380696,0.020766528,,,0.395778204,0.013858308,,1.025766,0.515939364,24.51668663,,,,,,,0.048483144,,0,0.000041868,,0.00062802,,0.231823116,0.118193364,,3.23074422,17.61880802,,,,,
1980,140.5942608,13.87600794,11.1984454,8.757799071,27.05992437,6.629768484,42.92275138,30.1495641,5.097018837,54.89595586,36.97097273,41.8105048,0.107220858,2.445228443,0.337872072,1.156472914,,0.930311565,0.067286092,,0.121989527,0,,0,0,0.066143619,0,0.425575032,0.59363377,0.006821213,0.069800617,0,0.133333867,3.731484537,0.092971637,4.803413063,0.300921816,0.145205379,,0.014037809,0,0.013169359,0,0.475235504,1.394300194,0,,,0,0,0.103040552,0.39824227,,0.213018657,0.004562162,0,0,0.011488502,0,0,0.125688259,0,0.402987643,3.663831711,5.679104055,0,0.080176023,0.092082319,0.002281081,0,0.024482779,0,,0,,3.943474195,,,0,4.055827392,,0.620936018,0,0,4.767010931,0,,0.002217696,0,,0,0.069583406,0,0,4.670148057,1.117575113,,0.643204603,0.022662707,0,0,0.444820076,0.017471798,0,1.063224923,0.556673453,27.05992437,0,,0,,,0,0.07371965,0,0,0.001147111,,0.000718065,0,0.241353223,0.106245346,,3.757316967,21.65106863,0,,0,0,0
1981,132.5030725,10.82784238,11.13030641,8.738930646,27.33634152,7.009797515,36.78147882,30.67837519,5.507000661,46.83290859,37.91723283,35.58008706,0.106927904,2.24132718,0.292022409,1.163390387,,0.958295551,0.059665245,,0.11745727,0,,0,0,0.053632774,0,0.496666268,0.411885577,0.006800263,0.062648914,0,0.199454337,3.383846829,0.107340324,4.55915892,0.297778153,0.184909507,,0.021394831,0,0.032821879,0,0.490087674,1.397338262,0,,,0,0,0.122546192,0.342687323,,0.205578947,0.004551239,0,0.01827896,0.011457112,0,0,0.125352562,0,0.718363817,3.755872521,2.251627922,0,0.082241442,0.089457208,0.015913148,0,0.017592111,0,,0,,2.664342319,,,0,2.59620667,,0.579700183,0,0,5.694271575,0,,0.002207012,0,,0,0.074138016,0,0,3.247706831,1.088765156,,0.725145931,0.022608496,0,0,0.440891644,0.017424061,0,0.936860307,0.561835945,27.33634152,0,,0,,,0,0.055695631,0,0,0.000228795,,0.002395105,0,0.258198792,0.105955067,,4.137176958,21.60025679,0,,0,0,0
1982,126.5140642,10.77418664,10.74545856,8.274538842,27.50084926,7.823473723,29.69162496,31.70393219,6.218093246,38.99994515,39.65714751,28.57312406,0.155531502,2.226832855,0.274051796,1.151840764,,0.89273738,0.061985963,,0.112925302,0,,0,0,0.061108712,0,0.605367193,0.391540283,0.006800263,0.069609904,0,0.24989108,3.334087046,0.11179598,4.633936424,0.334921919,0.198276448,,0.026327653,0,0.076584389,0,0.490087674,1.567394606,0,,,0,0,0.110715203,0.354034585,,0.194156519,0.004551239,0,0.049535195,0.013748535,0,0,0.134261553,0,0.862958514,3.087604018,2.278546869,0,0.002281016,0.084710164,0.0204667,0,0.022145663,0,,0,,1.942826678,,,0,2.626848855,,0.671925213,0,0,6.721472391,0,,0.002207012,0,,0,0.101924929,0,0,2.934947679,1.131107772,,0.736456613,0.027053355,0,0,0.445386634,0.012081134,0,0.778624932,0.564063783,27.50084926,0,,0,,,0,0.066834755,0,0,0.000686386,,0.022989383,0,0.262575028,0.115168543,,4.75375301,21.64837275,0,,0,0,0
1983,125.9978692,10.79357653,11.40963708,8.195897355,27.66082605,8.813730684,27.28565991,31.83854162,6.922889816,36.23754655,40.84386573,26.03517577,0.18226347,2.167248118,0.397599743,1.145945163,,0.980369532,0.059665245,,0.110039157,0.000445873,,0,0.009461705,0.056811857,0,0.790233923,0.40962499,0.006800263,0.069609904,0,0.261353977,3.510628534,0.102884669,4.803884916,0.357935193,0.193820797,,0.03125739,0,0.09846564,0,0.550075517,1.70702066,0,,,0,0,0.11297734,0.356304036,,0.187303063,0.004551239,0,0.057949666,0.016029165,0,0,0.13185295,0,1.061693684,3.118362009,2.26284415,0,0.002281016,0.108445372,0.052303787,0,0.022145663,0,,0,,2.517054756,,,0,2.509917015,,0.801479417,0,0,6.598753097,0,,0.002207012,0,,0,0.140876027,0,0,2.812563831,1.409276085,,0.851825185,0.029284648,0,0,0.386104104,0.010686624,0,0.693387462,0.561383059,27.66082605,0,,0,,,0,0.129213872,0,0,0.000915181,,0.036843144,0,0.262575028,0.101348323,,5.316355516,21.72915999,0,,0,0,0
1984,129.4575935,11.77263483,12.41775736,8.615290882,27.50039164,9.427471632,26.85593454,32.86811258,7.395704942,36.34867005,42.71506017,25.50464018,0.134026075,2.373363989,0.468515941,1.129314482,,1.150216788,0.05516104,,0.108071913,0.00089419,,0,0.016611465,0.054817835,0,1.109621073,0.388802191,0.009091859,0.07445399,0,0.310346069,3.745912459,0.102536951,5.216952092,0.396158324,0.270305393,,0.038741661,0,0.100929525,0,0.600168611,1.929134419,0,,,0,0,0.113286866,0.357280205,,0.183238991,0.004562162,0,0.062689919,0.011488502,0,0,0.133901237,0,1.152734771,3.25016578,2.72791716,0,0.002291516,0.108748282,0.061568318,0,0.018924548,0,,0,,2.756207242,,,0,2.488386145,,0.985858343,0,0,6.817015586,0,,0.002217696,0,,0,0.16030218,0,0,3.154338469,1.611288891,,0.944398891,0.038288458,0,0,0.41645423,0.010718993,0,0.920725803,0.556219311,27.50039164,0,,0,,,0,0.102760731,0,0,0.000458844,,0.062442953,0,0.263294417,0.094696946,,5.798197162,22.30518454,0,,0,0,0
1985,127.9543972,12.30087354,13.10894855,8.581702073,26.81573094,9.749477062,24.42878949,32.9688755,7.556784845,33.81521175,43.36132862,22.87041718,0.13365988,2.423773647,0.518901358,1.092019807,,1.343710085,0.052703099,,0.10508783,0.001582989,,0,0.018932661,0.052515007,0,1.312601491,0.371909986,0.013600526,0.069609904,0,0.424127069,3.811111444,0.097792666,5.676289269,0.413650895,0.267339029,,0.045236804,0,0.126911265,0,0.651593442,2.07603801,0,,,0,0,0.141838853,0.390345823,,0.187303063,0.002270223,0,0.060234152,0.006874268,0,0,0.131390819,0,1.3726101,3.000294877,3.231325599,0,0.002281016,0.108445372,0.063674177,0,0.025690757,0,,0,,2.421870789,,,0,2.400819098,,0.983168576,0,0,6.736847158,0,,0.002207012,0,,0,0.198826464,0,0,3.3882217,1.75990794,,1.133604654,0.078271364,0,0,0.428806236,0.010686624,0,0.714051581,0.516826589,26.81573094,0,,0,,,0,0.098024309,0,0.00243943,0.000228795,,0.112963075,0,0.249446278,0.09443821,,5.909764915,22.4209169,0,,0,0,0
1986,133.6711558,12.17095942,13.58623502,9.152142247,27.66226715,10.06844967,29.42099068,31.61011165,7.693895097,39.09569933,42.20750372,27.65841431,0.13365988,2.530223623,0.633464012,1.048150182,,1.217194325,0.052703099,,0.112925302,0.001591662,,0,0.018932661,0.046634781,0,1.335747,0.401297633,0.013600526,0.055697172,0,0.405786431,3.804023317,0.085062073,5.936876957,0.714389916,0.265111203,,0.047707837,0,0.166297523,0,0.679280123,1.901407294,0,,,0,0,0.159395114,0.37672911,,0.185018577,0.000686386,0,0.060234152,0.011457112,0,0,0.131390819,0,1.400010905,3.122193224,3.807839209,0,0.002281016,0.117939456,0.045481552,0,0.030068241,0.002302215,,0,,3.359525624,,,0,2.351878169,,1.122001817,0,0,6.131757425,0,,0.00110235,0,,0,0.239176326,0,0,3.324763252,1.932344815,,1.273856634,0.09385805,0,0,0.40183647,0.010686624,0,0.717951794,0.519054385,27.66226715,0,,0,,,0,0.096388522,0,0.004868068,0,,0.112038412,0,0.242881903,0.105955067,,5.942009974,21.67433091,0,,0.022016155,0,0
1987,134.5864314,12.09469685,13.56353373,8.902644147,27.99755907,10.13865716,30.51183646,31.37750397,7.440696907,39.57608775,42.12043501,28.591,0.131229707,2.547662776,0.808677489,1.041652478,,1.283511102,0.049717195,,0.110039157,0.001587615,,0,0.016568776,0.047194824,0,1.330262251,0.33332622,0.013600526,0.039439061,0,0.398908674,4.000453361,0.082834247,6.09549555,0.901364658,0.27402251,,0.047707837,0,0.212248147,0,0.4047203,2.092772817,0,,,0,0,0.167324713,0.351765131,,0.171311664,0,0,0.057949666,0.00916569,0,0,0.121500894,0,1.357185426,3.018209985,4.680460564,0,0.000688236,0.160338823,0.0409334,0,0.028122633,0.001151108,,0,,3.770665533,,,0,2.213872574,,1.110031295,0,0,6.373985157,0,,0.000886967,0,,0,0.224935189,0,0,3.039200841,2.246151965,,1.32715104,0.09385805,0,0,0.370371701,0.008447235,0,0.687473355,0.505687398,27.99755907,0,,0,,,0,0.085799021,0,0.004868068,0,,0.103821671,0,0.236913419,0.117471916,,5.661836436,21.00306545,0,,0.044278994,0,0
1988,139.9326888,12.89376694,13.86676787,9.516995459,28.11316081,10.03506656,34.30580067,31.20113054,7.060684743,43.95088083,41.91379826,31.87819275,0.107220858,2.498821535,1.018121238,1.091671256,,1.270940905,0.05516104,,0.112616299,0.001812729,,0,0.011869197,0.048912994,0,1.306496676,0.32970589,0.009997644,0.031423265,0,0.37471412,4.214836488,0.069172568,6.203083331,0.885006119,0.321685761,,0.040420587,0,0.2172179,0,0.701964582,2.007736272,0,,,0,0,0.17231516,0.361831571,,0.180494182,0,0,0.05122809,0.006895419,0,0,0.133181199,0,1.422029077,3.024260581,6.073218006,0,0.000915215,0.215848155,0.02735906,0,0.028028,0.001150976,,0,,3.576269603,,,0,2.673033111,,1.207747774,0,0,6.352598146,0,,0.000887078,0,,0,0.201742716,0,0,3.295238273,2.557015292,,1.410180852,0.100812576,0,0,0.319547696,0.008469605,0,0.816482438,0.454356016,28.11316081,0,,0,,,0,0.078781165,0,0.007329065,0,,0.11478685,0,0.234303975,0.115484077,,5.281891872,20.63369591,0,,0.382992801,0,0
1989,142.0837549,13.75564487,14.28678787,9.600741402,27.23032713,9.727028006,37.68853812,29.79468754,5.952759434,47.73513349,40.13175865,34.98101649,0.114218445,2.622601262,1.022078434,1.102318707,,1.160962964,0.055010323,,0.110656241,0.001428429,,0,0.009469414,0.050927779,0,1.393685949,0.315765333,0.011329917,0.036480833,0,0.389738393,4.122401824,0.065007786,6.247316873,0.94569144,0.365363359,,0.040310147,0,0.256010653,0,0.64698051,2.060094718,0,,,0,0,0.167320082,0.472046125,,0.173373983,0,0,0.041951723,0.009168773,0,0,0.112067322,0,1.563447751,3.229953668,6.589172024,0,0.000684536,0.195941934,0.004547385,0,0.02567773,0.000459132,,0,,4.238685756,,,0,2.618465625,,1.303260489,0,0,6.373307314,0,,0.000663491,0,,0,0.173686739,0,0,3.889089087,3.353182413,,1.467681651,0.107217136,0,0,0.292884563,0.007244749,0,0.881193535,0.424152859,27.23032713,0,,0,,,0,0.061867251,0,0.009745387,0,,0.115831117,0,0.238040041,0.128988772,,4.272801896,19.2989784,0,,0.428384626,0,0
1990,143.8641977,14.78971819,14.74510087,10.37157586,25.5532127,9.979676465,39.04352265,29.38139093,5.897576727,49.87999488,40.25563174,36.12504265,0.072905393,2.790832873,1.067004975,1.155446938,,1.340403057,0.052689995,,0.103433148,0.002098164,,0,0.009469414,0.053076202,0,1.470137252,0.356455883,0.009063934,0.031840173,0,0.369105173,4.131270723,0.063751265,6.285838364,1.031586447,0.367591168,,0.037846049,0,0.264763167,0,0.660823829,2.068834914,0,,,0,0,0.15658143,0.612752164,,0.164009648,0,0,0.037383525,0.009168773,0,0,0.121701706,0,1.475120925,3.355035407,4.626491456,0,0.000456357,0.207809545,0.004547385,0,0.02567773,0.000688699,,0,,2.786525703,,,0,3.119292818,,1.37961851,0,0,6.511143051,0,,0.000663491,0,0,0,0.189603354,0,0,4.102127748,3.674958969,,1.567215411,0.138390504,0,0,0.291704819,0.004829833,0,0.962459867,0.377378185,25.5532127,0,,0,,,0,0.054079882,0,0.009501753,0,,0.12892286,0,0.211782541,0.168146071,,4.257682524,18.73897715,0,,0.425878868,0,0
1991,143.325846,15.31877033,15.17568623,10.8978059,23.31737609,10.47659789,38.15076319,29.98884637,5.87936021,49.54054563,41.39237139,34.94621003,0.046173412,2.779212117,1.12316311,1.164483937,,1.272597036,0.061971314,,0.094369212,0.001874919,,0,0.009469414,0.053076202,0,1.471135594,0.381322356,0.00271918,0.036480833,0,0.350764523,4.12774393,0.055468225,6.424063053,0.980302125,0.347540741,,0.037846049,0,0.312901926,0,0.693124991,2.080637754,0,,,0,0,0.150367025,0.667219041,,0.16217103,0,0,0.038106604,0.01008565,0,0,0.103869074,0,1.375753424,3.641083696,0.68418902,0,0.000456357,0.191194903,0.004547385,0,0.0347725,0.000688699,,0,,0.433612683,,,0,3.368072851,,1.438906152,0,0,6.84579858,0,,0.000663491,0,0,0,0.192395451,0,0,4.287969835,4.193650861,,1.597615933,0.141423736,0,0,0.260240054,0.006729728,0,0.95257454,0.326138201,23.31737609,0,,0,,,0,0.067446836,0,0.008527214,0,,0.133792472,0,0.235851923,0.202696645,,4.263348939,19.01530386,0,,0.434705354,0,0
1992,143.6880937,15.487129,15.14954306,11.13161802,19.90000212,11.09443291,41.20900921,29.71635938,6.042655007,52.88155831,41.74081874,37.96854534,0.026805215,2.8555294,1.18480478,1.32517935,0,1.246234766,0.054996314,0.498494685,0.095669364,0.00232777,0.090903123,0,0.0132935,0.056573666,0,1.470957194,0.394917268,0.00249941,0.033413857,0,0.321840367,4.311656656,0.051152334,6.464385706,1.015196716,0.388703647,0.091104881,0.042891434,0,0.357641597,0,0.747558792,2.043172258,0,,0,0,0,0.153594981,0.678149687,0.006590477,0.144292485,0.002523644,0,0.031026876,0.011032672,0,0,0.101738453,0,1.291956422,3.454264912,0.955990173,0,0.000457608,0.198694182,0.003419882,0,0.039427609,0,1.009024745,0,,2.476212773,0.004932809,0,0,3.265700818,0,1.459965714,0,0,6.834806137,0,,0.00044354,0,0,0,0.147982333,0,0,4.415619506,4.773736188,,1.689184975,0.141268175,0,0,0.263206695,0.007198044,0,1.025025899,0.316310818,17.71322413,0,0.051762606,0,,0,0.003413931,0.06477482,0.000589479,0.012215108,0,0.002820625,0.148047266,0,0.247468702,0.194013251,0.20212032,4.370799812,18.56989658,0,0.129931183,0.402706269,0,0
1993,143.8299443,15.26317583,15.27731707,11.62038499,17.65538539,11.58885291,43.20627629,29.21855179,6.236694887,54.70807908,41.68203283,39.62793213,0.026731976,2.782578848,1.143380078,1.423627304,0,1.172377227,0.052361448,0.466070305,0.112733739,0.002544654,0.090654758,0,0.01373065,0.058567525,0,1.505663003,0.395575052,0.002265984,0.033154974,0,0.291157499,4.536157059,0.050384311,6.548692366,1.064930541,0.40323636,0.092532224,0.052630638,0,0.380733809,0,0.800214836,2.065749075,0,,0,0,0,0.146388937,0.710338601,0.004532738,0.139330047,0.003660725,0,0.026217802,0.016045353,0,0,0.100488027,0,1.232351965,3.46500824,1.173678485,0,0.000456357,0.198151292,0.001136847,0,0.034289006,0,0.924678519,0,,4.312176238,0.004466057,0,0,3.098190174,0.00362619,1.434229915,0,0,6.832374025,0,,0.000442327,0,0,0,0.145483931,0,0,4.442083431,5.102374867,,1.764240692,0.13764445,0,0,0.284962363,0.010991889,0,0.999958565,0.303422098,15.60456701,0,0.05162118,0,0.003112134,0,0.019710857,0.050826483,0.000587868,0.012181733,0,0.001679734,0.151753832,0,0.221065782,0.175056187,0.191168987,4.575735298,17.8500207,0,0.167302744,0.485457785,0,0
1994,146.6152751,15.26649846,15.63987934,12.22058488,16.31162802,13.49768859,44.58676105,29.09223478,7.481888876,56.07783587,43.50568052,40.66134499,0.026731976,2.747095593,1.204923233,1.566487577,0,1.245682024,0.049876846,0.429603487,0.114386106,0.003437635,0.09008972,0,0.013967385,0.061352689,0,1.586793599,0.401080983,0.002492582,0.032389823,0,0.247472876,4.722061446,0.046844204,6.66037735,1.050848951,0.400794937,0.099265415,0.062487031,0,0.404755239,0,0.846850889,2.079000381,0,0,0,0,0,0.14899813,0.745623946,0.004098713,0.133785627,0.003203135,0,0.024809109,0.019006365,0,0,0.110927474,0,1.381969356,3.466410525,1.272986031,0,0.000228179,0.205692958,0.015461108,0,0.031482419,0,0.940325763,0,,4.758990278,0.003596144,0,0,3.135115656,0.00657247,1.445179067,0,0,6.952961401,0,,0.000442327,0,0,0,0.227561682,0,0,4.376184874,5.772579389,,1.843476594,0.126942641,0,0,0.289272619,0.011216214,0,0.99683337,0.313706725,14.2242787,0,0.057218107,0,0.003112134,0,0.019710857,0.04457655,0.000195956,0.01461808,0,0.00122646,0.172179604,0,0.20724763,0.165842711,0.190768147,5.688615208,17.41721193,0,0.233953984,0.739703434,0,0
1995,149.7842454,15.86780949,16.15740125,13.21401719,16.01884902,14.20624355,45.37093474,28.94899011,7.760347051,57.56328379,44.12473973,41.27987648,0.024301797,2.771433419,1.451649892,1.712453828,0,1.293822981,0.054295009,0.407941926,0.10942901,0.002767899,0.087438375,0,0.00710206,0.07059662,0,1.649654382,0.390248718,0.002265984,0.022777932,0,0.254476241,4.933248662,0.04436044,6.775402562,1.364251321,0.418550393,0.08539852,0.066841395,0,0.40715917,0,0.909392512,2.136129811,0,0,0,0,0,0.133964525,0.827684849,0.002266369,0.134761846,0.009151814,0,0.021493502,0.021841776,0,0,0.102896618,0,1.636671701,3.443482311,1.298112902,0,0.000228179,0.222392127,0.018242488,0,0.032015314,0,0.938357465,0,,4.848788764,0.004466057,0,0,3.161064354,0.007252381,1.532637216,0,0,6.773173091,0,,0.000663491,0,0,0,0.191772706,0,0,4.516314558,6.220687569,,1.943379587,0.135345779,0,0,0.293102574,0.010318917,0,1.063836572,0.311438409,13.87530683,0,0.052729309,0,0.003351528,0,0.019710857,0.035513704,0.000391912,0.017124514,0,0.001453097,0.186990677,0,0.196730242,0.155430211,0.185568606,6.028890261,17.24256836,0,0.332575523,0.761195409,0,0
1996,153.522611,16.34224723,16.64080542,14.11541846,15.85565893,15.12873108,45.92970094,29.51004895,7.952589287,58.83790087,45.65810918,41.72964746,0.023149959,2.929148166,1.59652255,1.816010139,0,1.331037646,0.051664651,0.409553957,0.09609566,0.003447053,0.082179159,0,0.004747679,0.075677155,0,1.8734146,0.37140597,0.001590534,0.018949593,0,0.248314544,5.040937764,0.039799492,7.115001865,1.462865952,0.448854937,0.077601589,0.07748332,0,0.456209135,0,0.922661026,2.149615577,0,0,0,0,0,0.118247164,0.838267321,0.002727094,0.135881987,0.013765331,0,0.019888151,0.029490794,0,0,0.09502306,0,1.583739538,3.558583555,1.334979058,0,0.000457608,0.242262512,0.036478744,0,0.033107856,0,1.037723752,0,,4.855680237,0.004478293,0,0,3.209066644,0.006835741,1.564434622,0,0,7.30625154,0,,0.000665308,0,0,0,0.175849167,0,0,4.54651604,6.951794958,,2.021517794,0.127871554,0,0,0.2718518,0.011246943,0,1.213020379,0.31407688,13.59102646,0,0.052873774,0,0.003840812,0,0.01976486,0.023108348,0.003914828,0.018315987,0,0.00122982,0.207233035,0,0.192538393,0.155158847,0.187012319,6.209000954,17.16285964,0,0.341133945,0.753275742,0,0
1997,157.8363471,16.91830482,16.97801589,15.17035545,16.15812513,15.06989354,47.58579749,29.9558548,7.813296589,61.58419252,46.13641811,43.3599982,0.022274427,3.008373224,1.603446136,1.996390337,0,1.380703603,0.045236184,0.403089542,0.108815388,0.003884125,0.082365438,0,0.003077559,0.075169443,0,1.965333366,0.387838557,0.00135959,0.021218148,0,0.284279763,5.280754318,0.027608996,7.251923204,1.518959987,0.584278407,0.077324305,0.078443655,0,0.504323883,0,0.900896825,1.998706851,0,0,0,0,0,0.097412936,0.840443494,0.006063313,0.127909549,0.011439768,0,0.021987185,0.036675092,0,0,0.11062216,0,1.640390501,3.495456074,2.624592086,0,0.000684536,0.266007974,0.04267066,0,0.029840791,0,1.180728595,0,,4.756964704,0.004012784,0,0,3.319064682,0.008689818,1.621639457,0,0,7.617826916,0,,0,0,0,0,0.165397177,0,0,4.833115897,7.038331928,,2.055620996,0.131975518,0,0,0.267906131,0.013459457,0,1.326619358,0.309922724,13.72901124,0,0.048240515,0,0.003590923,0,0.019710857,0.016931472,0.009757005,0.012181733,0,0.001293141,0.258725646,0,0.185346006,0.156439903,0.186767299,6.03486315,17.05727357,0,0.327179697,0.799276323,0,0
1998,160.8833568,16.88133297,17.10034046,15.42499212,16.23670768,14.97578995,50.51072037,29.75347327,8.042610873,64.24922005,45.73096801,46.25624904,0.015310132,2.968524308,1.651234397,2.029395677,0,1.284830488,0.049054764,0.532629456,0.102631054,0.00366088,0.082533086,0,0.002367353,0.08888483,0,2.263801169,0.393771684,0.001812787,0.025858808,0,0.277402011,5.435023663,0.026372268,7.247018787,1.705918484,0.610493511,0.081645481,0.080572885,0,0.521547164,0,0.871966372,1.948906163,0,0,0,0,0,0.087154723,0.79831876,0.004966763,0.134761846,0.011439768,0,0.015767611,0.054478838,0,0,0.08967189,0,1.620101561,3.495366937,4.848202612,0,0.000456357,0.254841087,0.045473848,0,0.029469272,0,1.192240495,0,,4.9448327,0.003786147,0,0,3.19499393,0.012407905,1.734202998,0,0,7.78635064,0.000231648,,0.000221164,0,0,0,0.168836972,0,0,4.880529314,6.736219138,,2.046138481,0.128001023,0,0,0.261311452,0.016599997,0,1.673045573,0.305207697,13.61896079,0,0.043751712,0,0.002872738,0,0.058958354,0.024506078,0.019595612,0.017054427,0,0.001066504,0.283399744,0,0.177258938,0.150305999,0.176769078,6.266945847,16.53209896,0,0.33486672,0.856322101,0,0
1999,158.6739681,16.77983185,17.09817624,15.11647691,17.07046464,15.06674889,49.02385079,28.51841876,8.142223639,61.88695192,44.59610961,44.73382189,0.013549084,2.93190643,1.673328433,1.923770123,0,1.277794948,0.043408675,0.636665114,0.102017444,0.003437635,0.082924272,0,0.002367353,0.079679058,0,2.632158722,0.44946261,0.001812787,0.022378311,0,0.229257859,5.271765677,0.024741172,7.23980493,1.900933934,0.623038252,0.067173325,0.096984404,0,0.656833223,0,0.866302595,2.000922548,0,0,0,0,0,0.08080174,0.751250964,0.004986012,0.125625453,0.013727721,0,0.00171258,0.052720445,0,0,0.084332179,0,1.600754484,3.392990089,5.65091433,0,0.000456357,0.196016799,0.034105386,0,0.027008702,0,1.368216221,0,,4.516641128,0.003578758,0,0,3.036467196,0.01054141,1.66626011,0,0,7.429411286,0.000463295,,0.000442327,0,0,0,0.12139259,0,0,4.827055504,6.741639788,,2.069348551,0.125447133,0,0,0.240135865,0.020189185,0,1.642628387,0.291410466,14.14671907,0,0.043751712,0,0.002154554,0,0.071891807,0.013543958,0.13542447,0.024363466,0,0.001066504,0.306535637,0,0.183979175,0.136126073,0.171303571,6.415544172,15.8172418,0,0.30301337,0.902842641,0,0
2000,165.1695488,17.34050642,17.60123088,15.90352829,18.31058236,14.78329992,52.2140553,29.01634568,7.416002011,65.96670348,45.20752185,47.74694086,0.013782753,3.038164315,1.681261414,1.833864204,0,1.671656225,0.04585429,0.646044928,0.103525291,0.005909476,0.084085393,0,0.001637949,0.077290781,0,2.957749076,0.47580248,0.001933636,0.028350448,0,0.194994809,5.515093701,0.021664361,7.381810719,1.61225533,0.645893784,0.064668111,0.102983733,0,0.796321698,0,0.919069003,1.825596781,0,0,0,0,0,0.077644876,0.716836096,0.004545157,0.146165668,0.016059553,0,0.012284833,0.047532426,0,0,0.089903964,0,1.591149002,3.3100415,5.807672309,0,0.000183043,0.21502513,0.026212869,0,0.02933829,9.20825E-05,1.642938713,0,,4.942721716,0.004545157,0,0,3.248050525,0.013599109,1.630124886,0,0,7.694102875,0.000415785,,0.000665308,0,0,0,0.111843253,0,0,4.920131836,7.206079,,2.207359128,0.127592106,0,0,0.222380249,0.029260489,0,1.850918589,0.283287006,15.09708247,0,0.039370486,0,0.002400507,4.49852E-05,0.070681553,0.010614214,0.365476955,0.024430216,0,0.000863974,0.368573244,0,0.176039662,0.121664782,0.166292436,5.5063525,15.8071491,0,0.303811299,0.968610444,0,0
2001,164.3713512,17.33419001,17.40458719,15.61296362,19.58280264,14.83995417,50.3741259,29.2227277,7.395361222,64.39825401,45.32906035,46.1236326,0.014464429,3.197998797,1.667635725,1.924156146,0,1.53488917,0.04660253,0.692153235,0.100860787,0.007859722,0.083855655,0,0.001657147,0.086320348,0,3.017417172,0.479532291,0.001366389,0.023489876,0,0.1757183,5.632103875,0.022879807,7.477754591,1.452982048,0.587554034,0.060944564,0.123204909,0,0.757534974,0,0.955570865,1.71642572,0,0,0,0,0,0.074978475,0.612752164,0.004532738,0.148153514,0.016015674,0,0.012650538,0.048319432,0,0,0.088368665,0,1.595822057,3.092345275,5.394867646,0,0.000182543,0.186226406,0.025010616,0,0.029412197,9.18713E-05,1.878771569,0,,4.751652911,0.004532738,0,0,3.145748747,0.021655155,1.566490131,0,0,7.931636787,0.000467928,,0.000884655,0,0,0,0.095702624,0,0,5.113282318,7.304203357,,2.072386618,0.141289767,0,0,0.216278704,0.033046346,0,1.843674127,0.289093658,16.05563191,0,0.037018517,0,0.002393949,3.14685E-05,0.069902541,0.015814508,0.409805985,0.024363466,0,0.000738836,0.377561734,0,0.157299851,0.110561799,0.167437643,5.552008717,15.65898704,0,0.303011214,0.972839908,0,0
2002,162.6147591,17.51817415,17.45097615,14.863236,21.0620797,14.69075455,47.54600838,29.48353017,7.431000198,60.85348966,45.38150927,43.33023057,0.015458373,3.417011686,2.013539135,1.906335451,0,1.478090664,0.048167853,0.708916429,0.100667005,0.01386301,0.082737988,0,0.001893883,0.088991163,0,3.388542702,0.413632009,0.001676828,0.035140129,0,0.160065965,5.931865776,0.021855833,7.680896033,1.34189092,0.57364159,0.058433639,0.116541713,0,0.811272928,0,0.909733653,1.700707677,0,0,0,0,0,0.072708655,0.570086495,0.003354226,0.157289229,0.016015674,0,0.008626425,0.041246918,0,0,0.069947821,0,1.671783337,2.888547971,4.571597484,0,0.000228179,0.202607605,0.027284308,0,0.029055941,4.59356E-05,2.168544184,0,,4.524671829,0.003444881,0,0,3.043874692,0.020034702,1.661185541,0,0,8.008125854,0.000882578,,0.000575025,0,0,0,0.141493701,0,0,4.799858889,7.122049087,,2.037332342,0.151136576,0,0,0.215830725,0.029881224,0,1.812681215,0.287463858,17.18311999,0,0.034774117,0,0.002393949,3.14685E-05,0.055891042,0.01428036,0.467878794,0.024363466,0,0.000700308,0.418571034,0,0.170828465,0.107507474,0.169037214,5.491893805,15.54353854,0,0.296025412,0.96948984,0,0
2003,167.9833362,18.59809267,17.2585753,14.26821258,23.2038784,14.15649557,50.64518578,29.85289595,7.058460058,64.24410558,44.96835969,46.64954313,0.016323517,3.774663801,2.027417121,1.89284219,0,1.231470518,0.046497068,0.731280598,0.101797169,0.01386301,0.082495832,0,0.000946941,0.080203689,0,3.498132862,0.429329503,0.00135959,0.035089851,0,0.153602769,6.273661474,0.021958204,7.724445871,1.260134983,0.565008702,0.058220757,0.135937198,0,0.820648932,0,0.952055544,1.697125283,0,0,0,0,0,0.063422379,0.547883141,0.006345833,0.165137482,0.016015674,0,0.007219847,0.050415691,0,0,0.071203304,0,1.673758543,2.677583534,2.955731248,0,0.000136907,0.227500312,0.043200152,0,0.029714101,4.59356E-05,2.37808896,0,,5.07456656,0.003127589,0,0,3.270916399,0.01758249,1.756193663,0,0,8.472539946,0.001160555,,0.000442327,0,0,0,0.141590806,0,0,5.15599019,6.961599607,,1.863807653,0.14190109,0,0,0.205215412,0.032831241,0,2.089759326,0.272764305,19.05418709,0,0.033651918,0,0.003004406,2.24926E-05,0.076456453,0.014696964,0.528571526,0.024363466,0,0.000797761,0.524905271,0,0.168428525,0.104042956,0.178102687,5.099193736,15.10669453,0,0.308037944,0.947515294,0,0
2004,176.2686763,20.21548009,17.45838689,14.97830443,25.30623348,13.36949128,55.17950434,29.76127579,6.425712582,70.4955992,43.93694407,51.43495521,0.016309756,3.916319029,2.373793597,1.792128465,0,1.076797733,0.047006426,0.714156251,0.102296943,0.013744461,0.082570345,0,0,0.118272122,0,3.475654729,0.449159318,0.002272192,0.046785815,0,0.151699617,6.398449467,0.020507018,7.919302055,1.235955209,0.539114014,0.05397481,0.143136288,0,0.853835895,0,1.225392289,1.607587216,0,0,0,0,0,0.061395285,0.544003317,0.004545157,0.155518586,0.016059553,0,0.006965191,0.045536148,0,0,0.077835534,0,1.725896429,2.545190889,4.549784674,0,0.000171603,0.247919093,0.059277962,0,0.032075431,4.60412E-05,2.795426547,0,,5.647125276,0.003181609,0,0,3.496287195,0.013880909,1.73048692,0,0,8.562234181,0.001368143,,0.00044354,0,0,0,0.132394349,0,0,5.292748244,6.810752552,,1.713158299,0.146880434,0,0,0.205441068,0.037483666,0,2.378805741,0.267719806,20.74127657,0,0.03261884,0,0.002059635,1.35167E-05,0.131404904,0.01339747,0.673015372,0.024430216,0,0.000568145,0.517625723,0,0.178331898,0.097978455,0.19409674,4.437446969,14.80059214,0,0.280315571,0.89476287,0,0
2005,179.2761262,21.88068174,17.62614609,15.38265265,26.18466056,12.28810799,57.16649404,28.74738313,5.852256136,73.86426884,41.920005,53.43409267,0.017011258,4.142294149,2.800103621,1.728442757,0,1.128407621,0.042305152,0.990419736,0.09583311,0.013706907,0.079322916,0,0,0.121537428,0,3.851067332,0.462474933,0.002265984,0.046719995,0,0.188713767,6.294951771,0.019166447,8.18019831,1.225687668,0.522046733,0.050256279,0.128795949,0,0.82524181,0,1.23065405,1.549194419,0,0,0,0,0,0.053337441,0.604393595,0.004532738,0.152865678,0.013727721,0,0.006095103,0.039318964,0,0,0.068142682,0,1.671573494,2.39217905,4.237179764,0,0.000228179,0.27202495,0.088674,0,0.03497619,4.59356E-05,2.991709006,0,,5.9819667,0.004532738,0,0,3.824102205,0.009940294,1.685238288,0,0,8.39954853,0.001274062,,0.000309629,0,0,0,0.105500293,0,0,5.954744964,6.297541726,,1.765697406,0.151182518,0,0,0.233362464,0.035676779,0,2.563819763,0.247067602,21.22618044,0,0.030648112,0,0.001675764,1.11935E-05,0.085763676,0.006890999,0.685846449,0.024363466,0,0.000633031,0.615790232,0,0.167424157,0.100591052,0.198765952,3.958194356,14.05288283,0,0.24321928,0.882971711,0,0
2006,178.9461693,22.10875198,17.69568573,15.43101179,27.16096955,11.34965931,56.4156165,28.78447441,5.333224401,73.08924171,40.98921751,52.88272432,0.018815583,4.166544136,3.176015794,1.723568777,0,1.087821996,0.043801674,1.458986966,0.097485476,0.013706907,0.079322916,0,0,0.117976061,0,4.065783309,0.488090529,0.002265984,0.053702769,0,0.198085074,6.706482391,0.015318904,8.325477758,1.237748373,0.548409338,0.045976545,0.127255881,0,0.748349386,0,1.239184613,1.501168641,0,0,0,0,0,0.05032282,0.538358883,0.002266369,0.154298711,0.013727721,0,0.004198988,0.046175451,0,0,0.064908643,0,1.730217164,2.253962775,4.506787076,0,0.000228179,0.261900095,0.14096892,0,0.035323365,4.59356E-05,3.088468717,0,,5.996034766,0.004532738,0,0,4.079872603,0.008324374,1.597285846,0,0,8.22062312,0.002390603,0,0.000442327,0,0,0,0.087611273,0,0,5.529629852,5.874630127,,1.682786498,0.151270746,0,0,0.241981955,0.033617911,0,2.625994873,0.227359003,21.71186725,0,0.034205983,0,0.001484248,1.11935E-05,0.056492107,0.006671269,0.740928911,0.02825972,0,0.000679911,0.698736685,0,0.170571463,0.097107593,0.20623187,3.579365491,13.8573689,0,0.210351686,0.827279986,0,0
2007,178.5662367,22.80222817,17.59124983,15.31093922,28.20457792,10.79243389,55.24017269,28.62463495,5.259215325,72.618158,40.33788017,51.95909652,0.015599756,4.166937988,3.910762266,1.691607332,0,1.098101218,0.044887114,1.916064569,0.097485476,0.013706907,0.079322916,0,0,0.119388042,0,4.120507297,0.373142416,0.002265984,0.049437173,0,0.189888324,6.999566765,0.011903858,8.470330152,1.236216423,0.473276793,0.042257418,0.124533058,0,0.681722953,0,1.182023279,1.495078605,0,0,0,0,0,0.046560867,0.554247035,0.002266369,0.151476448,0.013727721,0,0.002847301,0.036257456,0,0,0.055637874,0,1.728204779,2.137676331,4.702594082,0,0.000228179,0.256190648,0.118232004,0,0.036633272,4.59356E-05,3.211053783,0,,5.848636379,0.002266369,0,0,4.218254172,0.006996281,1.598904505,0,0,7.738746305,0.005395072,0,0.00048656,0,0,0,0.118835749,0,0,5.325159938,5.395964587,,1.617621552,0.162961874,0,0,0.238720061,0.030643311,0,2.776561789,0.223906832,22.16483839,0,0.034205983,0,0.001149095,1.11935E-05,0.045763487,0.006121942,0.908790785,0.032977841,0,0.000630746,0.73416861,0,0.187248974,0.094444516,0.202365938,3.575734572,13.88632188,0,0.222493443,0.70323448,0,0
2008,181.2389967,23.03421667,17.8571954,15.66477542,28.14595835,10.27275198,58.6292193,27.63487962,4.933493593,76.09456096,38.8832784,55.30428286,0.014621026,4.151426606,4.409940949,1.699850974,0,1.110952601,0.044006638,1.983136184,0.097752556,0.012998272,0.07954024,0,0,0.098377407,0,4.281384836,0.344381164,0.002272192,0.050017694,0,0.186955081,6.83333322,0.013323267,8.61671366,1.37244514,0.532878403,0.039161778,0.129091977,0,0.628643708,0,1.170251212,1.564620683,0,0,0,0,0,0.045927144,0.564677107,0.002272578,0.13742141,0.013765331,0,0.002290357,0.035683986,0,0,0.057246686,0,1.731595961,2.212181023,5.365439047,0,0.000228804,0.23669527,0.134891624,0,0.038047475,4.60412E-05,3.185889608,0,0,6.14859506,0.002272578,0,0,4.25929193,0.006817735,1.605129522,0,0,7.039171381,0.007451614,0,0.000399185,0,0,0,0.096523593,0,0,4.921131644,5.201107984,,1.727450276,0.148859857,0,0,0.25011334,0.031866339,0,2.992478163,0.226914361,22.0657314,0,0.034299697,0,0.001008213,1.12991E-05,0.041018088,0.005957144,0.938844599,0.038702601,0,0.000534608,0.777190074,0,0.186964146,0.096047415,0.18862968,3.358930513,13.76237501,0,0.214855196,0.660104914,0,0
2009,178.2956379,22.56265606,17.76064454,16.07679038,28.92958675,9.69214438,55.25670436,28.01711143,4.600057332,72.38203894,38.69158429,51.84845438,0.012949861,4.029739106,4.23191905,1.667611944,0,1.124182009,0.044294112,2.286284369,0.097485476,0.011474457,0.074790177,0,0,0.087832968,0,4.571677033,0.325465688,0.002265984,0.04229819,0,0.176308723,6.757734685,0.014605287,8.606260895,1.55938241,0.608482465,0.043350906,0.118855774,0,0.568870313,0,1.122673129,1.586536614,0,0,0,0,0,0.042749334,0.549499748,0.002266369,0.125625453,0.013727721,0,0.002667077,0.030967532,0,0,0.056507272,0,1.699236394,2.17034208,5.384213077,0,0.000228179,0.196481965,0.131458658,0,0.035154263,4.59356E-05,3.425874221,0,0,5.599711441,0.002266369,0,0,4.010098158,0.004532738,1.517795512,0,0,6.583392984,0.011867305,0,0.000353862,0,0,0,0.075407793,0,0,5.004848385,4.940791182,,1.847268997,0.145674188,0,0,0.29177146,0.027828503,0,3.223056292,0.218119246,22.38167109,0,0.036450383,0,0.00047879,1.11935E-05,0.017681147,0.005206397,0.947353893,0.038981546,0,0.000494056,0.803959384,0,0.176457296,0.10642836,0.177242928,3.175481056,14.67598376,0,0.141568139,0.629234088,0,0
2010,182.7490447,23.17406915,18.5177418,16.29945631,29.67952026,9.000656454,57.30672713,28.77087359,4.322214815,74.57169979,38.7711856,53.75310046,0.026352042,3.963031157,4.303165826,1.608106421,0,1.145936873,0.045554142,2.351333215,0.094177565,0.011475131,0.067991011,0,0,0.091343625,0,4.815965508,0.334535234,0.002265934,0.047504911,0,0.149017494,7.053290527,0.023393642,9.247744806,1.826128798,0.767646305,0.041112382,0.130606246,0,0.536885045,0,1.123477203,1.567510538,0,0,0,0,0,0.042600703,0.558010842,0.002266367,0.111919168,0.016448191,0,0.00533208,0.027399834,0,0,0.050188696,0,1.863975041,2.181396697,5.402776092,0,0.000228173,0.22786911,0.099668595,0,0.033554241,4.59356E-05,3.584624865,0,0,5.492240891,0.002266367,0,0,4.04101554,0.004532734,1.510305411,0,0,6.535046329,0.013843259,0,0.000442304,0,0,0,0.063067271,0,0,5.541318141,4.499857503,,1.964448235,0.151456473,0,0,0.313686938,0.028957712,0,3.650532675,0.20704184,22.88809637,0,0.045427638,0,0.000478812,1.11935E-05,0.016576005,0.005730912,0.952743979,0.038978973,0,0.000487269,0.825059182,0,0.170584283,0.11133719,0.158100016,2.940068136,15.18253674,0,0.179185544,0.617872704,0,0
2011,183.2007812,19.93512731,18.16386027,16.84639809,29.92618604,8.212354492,60.44874639,29.6681086,3.750543728,77.92712763,38.70381301,57.09619663,0.037703794,3.9277868,3.959692477,1.512391274,0,0.985795081,0.047547038,2.234307759,0.095829936,0.011475131,0.067991011,0,0,0.094027724,0,4.93934883,0.375791468,0.002265934,0.046742059,0,0.141360917,7.402353254,0.023562359,9.186578589,2.126237324,0.6549379,0.037253628,0.13553478,0,0.483903017,0,1.154405932,1.580513986,0,0,0,0,0,0.042024318,0.547745353,0.002266367,0.116487302,0.175056648,0,0.00399906,0.025089649,0,0,0.044794582,0,1.929793379,2.074271097,5.910161824,0,0.000889875,0.235399275,0.090018829,0,0.032191349,4.12893E-05,3.650711242,0,0,6.0194193,0.002266367,0,0,1.142411672,0.004532734,1.36580454,0,0,6.488986086,0.016176635,0,0.000442304,0,0,0,0.068042513,0,0.015341973,5.690271925,4.282725031,,2.012057929,0.15370666,0,0,0.304141926,0.0280113,0,3.915790069,0.202904034,23.12694912,0,0.040566198,0,0.000478812,1.11935E-05,0.017681147,0.004827637,0.888191227,0.038978973,0,0.000487269,0.854109838,0,0.14572986,0.105348475,0.149246843,2.420675834,15.77676926,0,0.200753648,0.47750902,0,0
2012,187.609846,21.58085611,18.27130227,16.74758787,30.2381606,7.551914696,60.81136236,32.45348532,3.360439785,78.8951613,40.81687378,57.95770203,0.041026094,3.961161834,4.041342613,1.428605577,0,0.973284881,0.046078887,2.101088137,0.11138198,0.010760336,0.068177286,0,0,0.108789317,0,4.852415789,0.352660369,0.002272142,0.046870121,0,0.144828044,7.9854267,0.022926272,9.261778541,2.2018148,0.598411662,0.033354691,0.128682085,0,0.443758932,0,1.166719269,1.595192278,0,0,0,0,0,0.038558279,0.523409118,0.002272576,0.116806436,0.179764189,0,0.003823828,0.024283394,0,0,0.044735309,0,1.925790631,1.998012094,6.730844543,0,0.000892313,0.240302345,0.086449226,0,0.031034485,5.06876E-05,3.582907942,0,0,6.276018643,0.002272576,0,0,3.392704842,0.004545152,1.384769446,0,0,6.4662907,0.023076096,0,0.000310462,0,0,0,0.063298559,0,0.045838058,5.66804211,4.014507193,,2.092167657,0.165292076,0,0,0.304261991,0.030143798,0,3.891298922,0.195738837,23.58563651,0,0.037113504,0,0.000480125,1.12991E-05,0.017538429,0.006707426,0.18084523,0.038678624,0,0.000485754,0.927028026,0,0.143858561,0.103373273,0.150287639,2.082621879,18.00176792,0,0.206031787,0.373352041,0,0
2013,187.2991232,20.07091114,18.07448343,16.8103211,30.53229558,7.129333485,59.67840177,35.23023514,3.113723722,77.47239158,42.98989706,57.08871397,0.04133236,3.717234889,4.068561377,1.400138854,0,0.815012788,0.039139418,1.979210598,0.12528654,0.009242546,0.067991011,0,0,0.122806573,0,4.758095559,0.298974686,0.002265934,0.046742059,0,0.143873336,8.426567625,0.021205406,9.442948076,2.332831495,0.548212223,0.033631472,0.123213433,0,0.383805346,0,1.215491009,1.59172699,0,0,0,0,0,0.037890501,0.499284274,0.002266367,0.117776388,0.22401885,0,0.002847531,0.022891883,0,0,0.044119343,0,1.908389202,1.904388212,6.871837127,0,0.000889875,0.241563886,0.084131782,0,0.030622565,5.04764E-05,3.695885935,0,0,6.293228066,0.002266367,0,0,2.288617003,0.004532734,1.320447345,0,0,6.381078434,0.032549951,0,0.000353844,0,0,0,0.066519309,0,0.045712818,5.313073065,3.831918626,,2.134756917,0.187108046,0,0,0.327534,0.043123144,0,3.943250913,0.199140461,23.8796043,0,0.04037558,0,0.000478812,1.11935E-05,0.016767164,0.016344391,0.262199761,0.036542787,0,0.000466872,0.918081797,0,0.138238414,0.106515931,0.138418614,1.873351673,20.42258908,0,0.195435641,0.288414656,0,0
2014,192.1422113,18.95963109,18.16458322,17.3674118,30.78444613,7.207981796,60.76502158,39.18268613,3.082230194,78.58861075,47.06650217,58.27164932,0.049834522,3.627777627,3.936241415,1.38237803,0,0.856298613,0.041485346,1.925080717,0.130347058,0.009242546,0.067991011,0,0,0.129874025,0,5.286083696,0.279980272,0.002265934,0.045756708,0,0.171943268,9.112325272,0.01811944,9.543644384,2.298722891,0.533126178,0.032512358,0.123213433,0,0.3615924,0,1.285274415,1.592780305,0,0,0,0,0,0.036384478,0.499284274,0.002266367,0.109835351,0.240278987,0,0.002653524,0.023041316,0,0,0.039524033,0,1.893833373,1.817576756,7.575447707,0,0.000889875,0.252273888,0.081857952,0,0.029147901,5.04764E-05,3.833020299,0,0,6.275096291,0.002266367,0,0,1.258300118,0.004532734,1.383531828,0,0,6.164443354,0.046996717,0,0.000353844,0,0,0,0.083892369,0,0.045712818,5.40341123,3.93117815,,2.146633697,0.216055924,0,0,0.339625052,0.04319689,0,3.937516546,0.197532022,24.0577786,0,0.039467937,0,0.000478812,1.11935E-05,0.015500731,0.013921417,0.222807663,0.036542787,0,0.000466872,0.907499409,0,0.115152613,0.109803729,0.123014632,1.852955258,23.9059175,0,0.1747027,0.275857542,0,0
2015,197.6705283,18.71301342,18.37501048,17.59154477,31.21821715,7.524280348,63.88868656,40.65888063,3.266663158,81.49252893,48.77542595,61.46453245,0.048995625,3.780192763,4.090770174,1.389208543,0,0.773770212,0.039921394,1.928864161,0.133736583,0.009242546,0.059118026,0,0,0.13906228,0,5.698981725,0.280688343,0.002265934,0.035140338,0,0.224672539,9.318551968,0.015547151,9.700990608,2.333564436,0.543025155,0.031225886,0.123213433,0,0.342045273,0,1.254670121,1.614245358,0,0,0,0,0,0.038388639,0.484144093,0.001811851,0.109779035,0.23418615,0,0.002459516,0.023011868,0,0,0.040738292,0,1.871536067,1.802587803,9.090772044,0,0.000889875,0.237850818,0.065941129,0,0.02800164,5.04764E-05,3.898764237,0,0,6.514309527,0.002266367,0,0,1.127572899,0.004532734,1.49086568,0,0,5.736252619,0.053687935,0,0.000353844,0,0,0,0.079884533,0,0.031998971,4.99595311,4.054117796,,2.233709465,0.207624735,0,0,0.293019181,0.041310215,0,3.860017036,0.19126352,24.44709155,0,0.047301746,0,0.000478812,1.11935E-05,0.015500731,0.010363247,0.212356355,0.041415159,0,0.00041161,0.946169322,0,0.085400626,0.111734756,0.109815569,2.087355475,25.60407604,0,0.163472639,0.105039648,0,0
2016,198.7017717,17.53681479,17.68366363,16.91758255,31.64534097,7.622072888,68.07407044,39.52179767,3.248823618,84.24118159,47.66198222,65.6474234,0.055433831,3.580114886,4.030943021,1.348446695,0,0.716105499,0.035277909,1.900694994,0.12955878,0.009267867,0.074237491,0,0,0.146640598,0,5.904775087,0.267798965,0.002272142,0.035236615,0,0.211494938,9.47260318,0.011486284,9.052629878,2.066175835,0.454078766,0.03224747,0.123139168,0,0.308578155,0,1.27043246,1.538495679,0,0,0,0,0,0.037919472,0.479760597,0.00090903,0.106700242,0.225661168,0,0.007265899,0.020633322,0,0,0.045277985,0,1.83240569,1.899847376,10.0204066,0,0.000892313,0.168206444,0.11172302,0,0.022312195,5.06876E-05,3.785606756,0,0,6.793214466,0.002272576,0,0,1.098252236,0.004545152,1.562239818,0,0,5.45924472,0.054414969,0,0.000354813,0,0,0,0.053127833,0,0.029794736,4.333408338,4.161347061,,2.296238193,0.197674646,0,0,0.259823698,0.045218771,0,3.82336784,0.177617098,25.05133596,0,0.046691441,0,0.000480125,1.12991E-05,0.009763197,0.005956731,0.206065311,0.041528626,0,0.000409064,0.971599568,0,0.090022761,0.11432209,0.102026609,2.212519442,24.58994977,0,0.147514919,0.047943156,0,0