Year,World,Afghanistan,Albania,Algeria,American Samoa,Angola,Antigua and Barbuda,Argentina,Armenia,Aruba,Australia,Austria,Azerbaijan,Bahamas,Bahrain,Bangladesh,Barbados,Belarus,Belgium,Belize,Benin,Bermuda,Bhutan,Bolivia,Bosnia and Herzegovina,Botswana,Brazil,British Virgin Islands,Brunei Darussalam,Bulgaria,Burkina Faso,Burma,Burundi,Cambodia,Cameroon,Canada,Cape Verde,Cayman Islands,Central African Republic,Chad,Chile,China,Colombia,Comoros,Congo,Cook Islands,Costa Rica,Croatia,Cuba,Cyprus,Czechia,Czechoslovakia,Czech republic,Democratic Republic of the Congo,Denmark,Djibouti,Dominica,Dominican Republic,Ecuador,Egypt,El Salvador,Equatorial Guinea,Eritrea,Estonia,Ethiopia,Faeroe Islands,Falkland Islands (Malvinas),Fiji,Finland,France,French Guiana,French Polynesia,Gabon,Gambia,Georgia,Germany,Ghana,Gibraltar,Greece,Greenland,Grenada,Guadeloupe,Guam,Guatemala,Guinea,Guinea-Bissau,Guyana,Haiti,Honduras,Hong Kong Special Administrative Region (China),Hungary,Iceland,Inde,India,Indonesia,Iran,Iraq,Ireland,Israel,Italy,Ivory Coast,Jamaica,Japan,Jordan,Kazakhstan,Kenya,Kiribati,Kosovo,Kuwait,Kyrgyzstan,Laos,Latvia,Lebanon,Lesotho,Liberia,Libya,Lithuania,Luxembourg,Macao Special Administrative Region (China),Macedonia,Madagascar,Malawi,Malaysia,Maldives,Mali,Malta,Martinique,Mauritania,Mauritius,Mexico,Moldova,Mongolia,Montenegro,Montserrat,Morocco,Mozambique,Namibia,Nauru,Nepal,Netherlands,Netherlands Antilles,New Caledonia,New Zealand,Nicaragua,Niger,Nigeria,Niue,Northern Mariana Islands,North Korea,Norway,Oman,Pakistan,Palestinian Territories,Panama,Papua New Guinea,Paraguay,Peru,Philippines,Poland,Portugal,Puerto Rico,Qatar,Reunion,Romania,Russian Federation & USSR,Rwanda,Saint Helena,Saint Kitts and Nevis,Saint Lucia,Saint Pierre and Miquelon,Saint Vincent and the Grenadines,Samoa,Sao Tome and Principe,Saudi Arabia,Senegal,Serbia,Seychelles,Sierra Leone,Singapore,Slovakia,Slovenia,Solomon Islands,Somalia,South Africa,South Korea,South Sudan,Spain,Sri Lanka,Sudan,Suriname,Swaziland,Sweden,Switzerland,Syria,Taiwan,Tajikistan,Tanzania,Thailand,Timor-Leste,Togo,Tonga,Trinidad and Tobago,Tunisia,Turkey,Turkmenistan,Turks and Caicos Islands,Uganda,Ukraine,United Arab Emirates,United Kingdom,United States of America,United States Virgin Islands,Uruguay,U.S. Pacific Islands,Uzbekistan,Vanuatu,Venezuela,Viet Nam,Western Sahara,Yemen,Yugoslavia,Zimbabwe,Zambia,OPEC
1980,7089.69444,0.668346381,4.52014988,19.82014334,0.15133154,1.45769561,0.15133154,41.13048801,,,68.39688356,28.64553894,,1.5133154,3.47305889,3.067602709,0.363669891,,53.62769958,0.085219608,0.15133154,0.20177539,0.002876359,1.864153181,,0.36885954,101.3606323,0.008171903,2.06416232,30.83499452,0.15133154,1.82241597,0.025713263,0.112925523,1.16397807,235.1211383,0.12610961,0.025221923,0.066658071,0.10088769,10.59238389,494.111224,17.14165554,0.01595238,0.287103507,0.010517542,1.372893019,,11.43887144,1.0593208,,69.7620713,,2.16963126,21.6132888,0.55488235,0.011871028,2.201173777,4.677456621,17.65592767,1.110463745,0.02132465,,,0.74675006,0.163369373,0.004338171,0.39032698,23.40676429,213.2564415,0.12610961,0.075665772,0.709259821,0.050443847,,375.5787419,2.12847869,0.17655347,17.96739857,0.203137374,0.016873468,0.17655347,1.336762,1.675846497,0.339022259,0.025221923,0.53088875,0.384068378,0.82020541,6.887532433,28.29270768,1.363078181,,96.77073068,29.07861153,40.3682731,13.20535865,8.07651411,8.98032829,155.2361721,1.84374165,2.96763667,393.9242521,1.9420881,,2.441506872,0.008474566,,12.1183277,,0.377385581,,2.60269142,0.050443847,0.787530681,10.0247063,,1.927851537,0.179278119,,0.470579984,0.287392981,10.51386861,0.00537227,0.171722155,0.47921655,0.22699732,0.237142623,0.348029945,95.50341967,,2.90015902,,0.006456812,5.473784508,4.00040379,,0.050443847,0.177797545,82.2484469,6.0028181,0.70030191,11.79812705,0.81342177,0.211986814,10.61916679,0.001084543,0,23.3627171,32.63094425,1.62217325,15.58811252,,4.607547898,0.732419062,0.680256333,9.959008817,13.62804441,112.6219528,10.82891655,5.598940092,5.41383535,0.30118968,65.332003,1175.311924,0.077713223,0,0.018815555,0.050443847,0.050443847,0.018149337,0.026941614,0.013548773,41.961665,0.93321121,,0.075665772,0.27744117,11.14920229,,,0.025221923,0.42877272,70.47589171,48.63347563,,82.14041549,2.20086148,1.42884849,0.999522623,0.235107608,51.35050377,28.72834169,6.861899726,27.93101497,,0.97454521,12.93582757,,0.236332783,0.010946315,4.385632247,3.198799136,27.44708282,,0,0.40772837,,6.7326143,226.1248677,1902.532281,1.0088769,2.72395574,0.050443847,,0.050443847,39.63870967,4.23764835,0.050443847,2.4213047,41.5881304,3.320067305,3.42947115,196.0132461
1981,7019.18975,0.750807145,4.54429056,16.83513996,0.17655347,1.44713267,0.12610961,40.02946407,,,69.50438146,28.44091826,,1.5889813,3.97598415,3.356123016,0.388891801,,50.34382679,0.085219608,0.15133154,0.17655347,0.010403599,2.092007506,,0.38762177,98.43176634,0.012863182,2.15062303,30.43765464,0.15133154,1.87614316,0.050935187,0.113908204,1.27207291,231.8505992,0.12610961,0.050443847,0.091634326,0.10088769,10.46772775,492.035083,17.48599932,0.015901936,0.343565848,0.021110751,1.412937209,,11.62363444,0.90798926,,69.1716697,,2.20587385,17.77929297,0.45399463,0.015319883,2.158509777,4.84832686,20.51666982,1.008948253,0.021274206,,,0.7538745,0.012037833,0.004363393,0.388612974,22.38362466,206.7766836,0.10088769,0.12610961,0.811458823,0.050443847,,362.1957638,2.04355958,0.20177539,17.84070749,0.177915454,0.019319994,0.25221923,1.8664224,1.407965505,0.339022259,0.025221923,0.60655453,0.25918712,0.75657748,7.124367062,28.03120583,1.344311482,,108.6171265,31.65485781,37.9330785,12.17547177,7.81082611,9.11825919,151.4759643,2.01300782,2.513437445,393.4026042,2.3204169,,2.517930168,0.010038326,,8.8705504,,0.318020415,,2.42613792,0.050443847,0.732910398,9.0085144,,1.737313861,0.177234462,,0.422798024,0.29974842,11.00824457,0.005220939,0.221920335,0.5296604,0.22699732,0.238370974,0.291935704,105.4730514,,2.46730302,,0.007137804,5.264262041,1.41972244,,0.050443847,0.177446327,77.25584802,5.599267,0.673758584,11.62936523,0.834480959,0.217092513,13.04756963,0.001084543,0,24.2827515,33.99892453,1.72898812,17.04510408,,4.6716275,0.731190707,0.667020454,10.61946515,13.12989326,103.4821627,9.201056577,5.579286488,5.07916581,0.317895245,64.4761962,1187.59273,0.151413628,0.001008877,0.019824432,0.025221923,0.050443847,0.017039573,0.026941614,0.013523552,51.061988,0.90798926,,0.075665772,0.27744117,11.67941817,,,0.050443847,0.47921655,76.11451063,50.45880881,,84.29896819,2.22346312,1.51401397,0.884386053,0.228803795,51.10246918,26.74126485,7.244540764,26.7345266,,1.083929963,13.8710494,,0.211110853,0.016041143,4.207406826,3.512095879,26.12328192,,0,0.30258222,,11.0042751,215.2336256,1842.362334,1.0088769,2.562354554,0.050443847,,0.050443847,43.05703032,4.698375948,0.050443847,2.4717486,43.37093351,3.315620825,3.44056556,205.359729
1982,7029.472832,0.785470032,4.62095529,24.62456925,0.25221923,1.54646218,0.17655347,42.02235911,,,73.83768755,27.18990068,,1.3619839,4.24005755,3.587427127,0.388891801,,47.2813058,0.085219608,0.10088769,0.17655347,0.013453947,1.836869566,,0.35594041,100.5133186,0.012888404,2.34513459,31.66956855,0.15133154,2.04637101,0.025713263,0.139621463,1.48187393,221.6703184,0.050443847,0.050443847,0.092371337,0.10088769,9.384511767,514.04433,18.5744493,0.015901936,0.310810234,0.020757644,1.362084129,,12.59949861,0.98365504,,69.63317164,,2.234433357,18.07849476,0.45399463,0.015074213,2.297012044,5.30338606,22.91947003,1.013493338,0.025713263,,,0.84722851,0.012037833,0.004363393,0.391469659,21.80120555,200.7487134,0.15133154,0.15133154,0.751331907,0.050443847,,357.4235488,2.04617919,0.17655347,17.18056491,0.177234462,0.021463858,0.327885,1.4628716,1.443765087,0.339022259,0.025221923,0.50566681,0.368453321,0.78794111,7.51998194,27.93828097,1.375089125,,112.4502002,32.59582966,43.5062542,11.65281021,7.73983129,9.508677438,148.287249,1.88812648,2.18944202,380.9197529,2.6483021,,2.488045191,0.009987882,,8.8201068,,0.330100134,,2.35227315,0.050443847,0.73634978,8.9319916,,1.660631159,0.177234462,,0.390533748,0.291992563,11.45244747,0.005220939,0.177126897,0.545675892,0.22699732,0.241003581,0.300288485,111.5970482,,3.04772618,,0.007137804,5.235255151,1.4331516,,0.050443847,0.230683893,75.17264261,5.4227138,0.520603504,11.9433967,0.81776175,0.224751099,13.00050165,0.001084543,0,25.3614149,33.09440615,2.1168005,19.40456968,,4.41077508,0.729716692,0.628374129,10.57677986,13.16405033,104.0106126,12.16640278,5.574373087,5.9963108,0.33067009,67.98585,1238.49928,0.158783729,0.001059321,0.023052838,0.050443847,0.050443847,0.018344563,0.053391888,0.013769222,49.616821,0.93321121,,0.050443847,0.27744117,12.35985529,,,0.050443847,0.47921655,81.39812278,50.71953937,,91.33431715,2.28250546,1.64626533,0.864241723,0.220205343,46.70186529,26.19202078,7.397887161,26.79366731,,1.060919023,13.53329127,,0.215778584,0.014956601,4.23100258,3.354110983,29.90203774,,0,0.33812228,,10.4488628,212.0575461,1764.542156,1.0088769,2.436557903,0.050443847,,0.050443847,43.69217169,5.045708465,0.075665772,2.9005213,44.33610584,3.096508475,3.500219,218.2082566
1983,7117.590081,0.946382742,4.79883688,27.0826435,0.15133154,1.64972067,0.10088769,42.48649936,,,71.46564756,27.20374989,,1.0340989,4.47890926,3.422986179,0.414113711,,46.54002834,0.085219608,0.15133154,0.20177539,0.012510647,1.883014222,,0.35007714,100.7200833,0.012863182,1.84442883,32.21104417,0.15133154,2.36056625,0.056094258,0.135936413,1.47573218,220.2916157,0.050443847,0.050443847,0.091388656,0.10088769,9.234477387,543.863333,18.61277455,0.015901936,0.276518982,0.020934196,1.521359779,,11.51890329,1.0845428,,69.79639185,,2.315308123,17.16105958,0.327885,0.016548233,2.708362667,4.932789151,26.28669673,1.043914873,0.025713263,,,0.960154,0.012037833,0.004363393,0.324985037,21.46067729,203.7282152,0.15133154,0.205706111,1.02952421,0.050443847,,353.6604268,1.35789442,0.15133154,16.97526337,0.126790602,0.020908974,0.327885,1.3872058,1.571656475,0.34025061,0.025221923,0.43000107,0.313589884,0.809478,8.4310254,28.24291332,1.489343075,,119.054013,34.51145291,53.2084797,13.88799241,7.43956353,9.332170358,145.5780101,1.85111126,2.319707839,375.7010678,2.8248556,,2.439613591,0.010013103,,9.8069904,,0.300907262,,2.43129632,0.050443847,0.734384421,9.5909898,,1.504410844,0.252900222,,0.470273321,0.274648914,12.9215946,0.005271382,0.181303289,0.387807221,0.22699732,0.216027321,0.311261542,105.2134407,,3.09986048,,0.007137804,5.388069321,1.93702099,,0.050443847,0.286781847,71.82625899,4.9939408,0.458919777,12.5154448,0.766730801,0.217705782,13.05121725,0.001084543,0,26.5152358,36.37977348,2.4313179,19.66167309,,4.456277922,0.749370295,0.682059658,9.885059273,12.93763349,106.3638045,12.55999278,5.647168527,5.6289785,0.38258796,69.1500974,1267.092746,0.18842772,0.001059321,0.018765112,0.025221923,0.050443847,0.018344563,0.053391888,0.013277881,53.537217,0.88276732,,0.10088769,0.27744117,12.28418929,,,0.050443847,0.45399463,83.88103669,54.96072179,,93.49627252,2.23787487,1.59582153,0.604897443,0.176703279,47.69205831,27.34930201,8.362578726,30.4359755,,0.995363735,14.4274617,,0.206443122,0.016041143,4.662450389,3.801558123,31.23047934,,0,0.32780414,,12.8771539,211.7314464,1755.36057,1.0088769,3.2108142,0.050443847,,0.025221923,42.0050052,5.103971015,0.075665772,2.62308,45.40332677,3.273130465,3.46782682,237.6681877
1984,7468.389984,0.950661536,4.90662158,28.92678508,0.17655347,1.49838917,0.12610961,45.98892494,,,74.30377046,27.75383063,,0.93321121,4.31927975,4.197338062,0.388891801,,47.42948514,0.085219608,0.15133154,0.20177539,0.010997331,1.81153844,,0.3471455,111.7302939,0.011829082,1.62469547,32.22303611,0.15133154,2.55170171,0.06002498,0.158701642,1.50103617,234.0527553,0.050443847,0.050443847,0.092617007,0.050443847,9.687491826,589.54324,20.62124141,0.016154155,0.281186715,0.020934196,1.463218679,,11.93316065,1.091319654,,69.8307496,,2.273220105,17.32642148,0.27744117,0.016844346,2.350403327,5.19593533,28.83304792,1.101415332,0.025713263,,,0.94967231,0.012037833,0.004388615,0.360019787,22.50530377,209.2431826,0.12610961,0.308559172,0.91889182,0.050443847,,360.5221015,1.27428394,0.12610961,17.13108676,0.202456382,0.0215143,0.37832886,0.47921655,1.346439832,0.340741949,0.050443847,0.50566681,0.318443126,0.84305273,8.9565842,27.3981322,1.570806573,,128.1524161,36.06499891,56.1017467,13.56493482,7.57147551,8.521342658,148.9691856,1.654411557,1.898980508,400.6600934,2.9257431,,2.412639361,0.007364802,,10.2594714,,0.281541191,,2.33655027,0.050443847,0.634888655,9.6785097,,1.520776032,0.278122162,,0.469617233,0.278554379,15.40920443,0.02083331,0.184005659,0.567165867,0.20177539,0.34139992,0.334862382,105.9744986,,3.12023265,,0.007163026,5.123518623,0.79137988,,0.050443847,0.293172836,72.31898342,4.691278,0.542479098,13.36764598,0.786712144,0.227917205,14.01758531,0.001084543,0,27.2803649,37.13930804,2.5274638,20.32449767,,4.55862014,0.831177827,0.762853373,10.18796553,12.24833322,111.8361055,13.01350513,5.623697295,6.7802331,0.401913794,67.2787112,1341.702114,0.266550202,0.001059321,0.018815555,0.025221923,0.050443847,0.018318367,0.054374568,0.013794443,62.226019,1.0593208,,0.10088769,0.27744117,12.96462388,,,0.050443847,0.47921655,90.44343494,58.50207429,,87.3465296,2.62693296,1.49149435,0.586882043,0.205921102,50.46923102,26.34974586,9.22549621,35.2100441,,1.052544463,16.05138291,,0.261554693,0.016091587,6.324489151,4.149341237,33.12268132,,0,0.35212547,,14.6621852,207.8663976,1846.915089,1.0088769,3.1150034,0.050443847,,0.050443847,42.76472419,5.144822237,0.075665772,3.329294,53.1773049,3.221311605,3.37073279,255.9980093
1985,7672.250897,0.949504482,4.92404611,26.47819189,0.17655347,1.82745963,0.12610961,43.64294444,,,78.30191476,28.21393138,,0.83232349,5.16312979,4.346441685,0.439335661,,49.39335293,0.085219608,0.17655347,0.17655347,0.013587624,1.677594716,,0.4750043,119.4335897,0.012182189,1.92549219,32.73206184,0.15133154,2.6588565,0.06174467,0.159929992,1.57268969,243.3926697,0.050443847,0.050443847,0.090405976,0.050443847,9.647417322,612.565685,21.14306022,0.013783294,0.426230775,0.020883754,1.457158429,,12.16794738,1.144630581,,70.6110781,,2.328200979,19.57186822,0.27744117,0.018068097,2.52145628,5.4941779,30.46524907,1.097893879,0.025713263,,,1.14194862,0.012037833,0.005422714,0.358065772,22.91795575,214.4936261,0.12610961,0.285302612,0.795061187,0.050443847,,374.119799,1.44224143,0.30266309,18.18560712,0.17655347,0.022144848,0.327885,0.22699732,1.515459682,0.316994052,0.050443847,0.50566681,0.372159638,0.7928545,9.2784813,28.17758322,1.563122519,,134.8549721,38.89481555,60.3724899,14.27470484,7.73995962,9.011213058,149.2637596,1.91916186,1.694782529,401.4441308,3.0266309,,2.538280287,0.007364802,,10.153842,,0.261401781,,2.68965727,0.050443847,0.643732777,10.611393,,1.614312969,0.22699732,,0.519016402,0.311204848,17.55332414,0.022800619,0.209227589,0.45600904,0.25221923,0.31494966,0.352743278,111.9710664,,3.68114432,,0.007768353,5.504959761,0.74281873,,0.050443847,0.254073626,75.48643771,3.9093983,0.58526449,13.7682491,0.869256687,0.228427771,15.05013119,0.001084543,0,23.2787634,36.88087847,2.9909419,21.82477729,,4.124109312,0.884746791,1.536827268,10.30813688,11.9699057,116.3643676,12.89757879,5.635489459,6.1283474,0.42132173,67.32153844,1398.511478,0.29201778,0.001084543,0.018815555,0.050443847,0.050443847,0.020864806,0.054620238,0.014172772,68.367859,1.0340989,,0.10088769,0.30266309,12.56163029,,,0.050443847,0.47921655,92.15855112,62.6083335,,89.80596233,2.34777268,1.65789384,0.69032924,0.268956713,54.13608738,28.94980071,9.66102539,36.4441877,,1.058091125,17.61283083,,0.245668246,0.016722135,6.907566734,4.249845422,37.29408736,,0,0.35605619,,20.0947871,218.9075786,1842.275144,1.0088769,2.8546759,0.054374568,,0.050443847,43.37768147,5.170401462,0.075665772,3.7076228,54.8025428,3.461744795,3.34281851,271.6196723
1986,7866.041384,0.973769606,4.84973444,27.07686181,0.16940518,1.82575252,0.11663611,47.49251419,,0.036669347,79.61103146,27.7516737,,0.81812912,5.57373699,4.710239594,0.458002281,,51.30266434,0.103036703,0.17499161,0.174005,0.084376903,1.698323869,,0.48570783,127.0698595,0.006467532,1.28605112,33.01507901,0.17368367,2.31441048,0.067381773,0.158268993,1.72032901,245.4723123,0.016560487,0.038325094,0.106709765,0.098495021,9.759465418,633.292065,22.08833781,0.009169978,0.369264431,0.015802115,1.411592759,,12.49693544,1.204794219,,71.61153336,,2.470701913,20.01041576,0.24506655,0.015885408,2.721996864,5.897186001,31.15544404,1.176520037,0.026634544,,,1.11101799,0.191160173,0.004303617,0.438466818,23.6066954,218.8817823,0.13407324,0.352958862,0.713932724,0.055413753,,383.2671763,1.90113272,0.46668553,18.81069145,0.12010383,0.023859309,0.342664262,0.38744855,1.606267372,0.395725612,0.039668437,0.48232667,0.354106503,0.92398077,10.1703043,28.29214725,1.623994811,,145.387454,41.79752873,60.99126629,15.6498976,8.33911375,9.73403041,151.3521321,1.96336252,1.699099461,404.3484668,3.28619911,,2.657067021,0.005517573,,11.3993248,,0.276049136,,2.53262612,0.059208617,0.521510774,11.1317863,,1.705232834,0.31980455,,0.371909414,0.302526561,18.76125449,0.024623433,0.167065751,0.520579339,0.26162538,0.185748492,0.447088725,110.7680058,,3.97788473,,0.004383848,5.887844511,0.361900543,,0.048070338,0.340224828,79.37236133,3.8213103,0.566217339,14.88401736,0.845804442,0.193801309,14.72105795,0.001094632,0,23.4981024,36.74251408,3.3954933,23.24192006,,4.25540962,0.889946151,3.490976913,11.10683513,12.0586635,121.202263,13.94964898,5.789169906,6.4465084,0.40621527,69.33732237,1442.174466,0.27655642,0.001094632,0.017771494,0.045370962,0.059330288,0.019390501,0.040728431,0.013023123,75.879442,1.0086428,,0.10720039,0.31285891,14.38687088,,,0.043478411,0.50905502,93.32618893,68.39966311,,90.82462256,2.33353489,1.84106344,0.64404141,0.24198691,55.47834594,29.21422667,9.68095129,38.6220909,,1.221289445,18.5647819,,0.207743806,0.009869264,5.182476647,4.49676588,41.97865915,,0,0.38641596,,22.883153,225.5424599,1851.707933,1.0725992,3.015209,0.048404938,,0.041544266,46.88683175,5.560743852,0.067924507,3.5441635,55.0086456,3.845236015,3.33670977,289.6572821
1987,8124.305573,1.57768406,4.88175574,28.9667881,0.1758727,1.88376401,0.14517531,48.68730429,,0.036669347,83.30038636,26.96028678,,0.9128902,6.70446998,5.085695417,0.436083931,,53.24605068,0.084177413,0.13533421,0.25088638,0.306948887,1.670442577,,0.52750989,130.1752556,0.016665941,2.05389547,32.94018549,0.18138127,2.220917652,0.078939019,0.159497343,1.63235822,253.991334,0.017584071,0.040477734,0.098817722,0.087482795,10.14007014,670.484745,20.95694989,0.01936256,0.448835262,0.015802115,1.560030019,,12.29377973,1.317442626,,73.4880343,,2.35161842,19.95593125,0.25040603,0.020967004,2.991433764,5.819784853,32.39719926,1.154460249,0.027658126,,,1.24966108,0.197998173,0.004303617,0.371658837,25.6118944,222.3355205,0.15313648,0.356653072,0.8283715,0.067465946,,383.1679429,2.08995645,0.47770408,20.32946172,0.08309295,0.029374411,0.396213372,0.27267084,1.618148213,0.422407532,0.068460122,0.36658125,0.533866011,0.89353645,11.3127113,29.4018555,1.684480239,,153.4488898,43.86611766,63.73622022,16.06583212,8.27703395,10.69563722,157.0797834,2.15761451,1.867310513,415.1065081,3.526922932,,2.440708972,0.006496234,,13.5366349,,0.204877472,,2.66570152,0.059208617,0.407640542,11.4462405,,1.944370424,0.34866774,,0.516774394,0.31580498,18.82212181,0.024623433,0.190153081,0.59256533,0.29892811,0.257592843,0.394482304,113.7337233,,4.16276396,,0.005488871,5.918557323,0.363823672,,0.048070338,0.394073614,81.63944324,3.8348384,0.561957506,15.24512632,0.884123661,0.208861653,15.54280644,0.001094632,0,23.1532973,37.70218518,3.5019795,25.08956599,,4.410890726,0.977174181,5.264599088,11.17317684,13.6631333,127.0230941,14.24023998,5.791080623,6.6078194,0.45028274,71.25850134,1475.880962,0.27802166,0.002229618,0.017771494,0.049469549,0.076272815,0.020127511,0.040237091,0.013268793,77.336907,1.0208158,,0.11321325,0.3428188,15.92672688,,,0.050679319,0.3760975,96.88191791,75.29944843,,92.99317775,2.48778351,1.77756927,0.471189593,0.26043981,57.01452421,29.35420798,10.82558886,41.5534572,,1.125969013,21.02652569,,0.195381626,0.021885745,4.818556431,4.165932982,46.17831064,,0,0.35151596,,26.959391,225.6886097,1915.056416,1.076998,3.1945036,0.048404938,,0.036708366,47.74534351,6.322498252,0.069058262,3.5146031,55.4420275,4.549283335,2.99121998,304.2012916
1988,8442.518798,2.794249758,4.93912372,30.83991448,0.17097473,1.94486343,0.14556357,49.22217499,,0.14048998,86.85296863,28.45996136,,0.84971488,5.77464805,5.690588941,0.410629878,,54.54905435,0.064305463,0.1712078,0.27381077,0.396130576,1.922791703,,0.61150761,134.8886637,0.01670897,1.77919841,33.248501,0.190216,2.140475545,0.114575705,0.172170143,1.63709309,264.5132042,0.024284096,0.098574743,0.099277425,0.053144965,11.16882579,713.288946,22.46150697,0.019391993,0.360232012,0.015845396,1.697070169,,12.47919686,1.3180279,,71.5400375,,2.59475593,19.2778787,0.2452884,0.022375539,3.321277156,6.027752605,32.76335995,1.262602027,0.027729882,,,1.22735469,0.208262144,0.007489146,0.373186497,25.6202326,226.0160162,0.17596868,0.357545784,0.876523731,0.067647897,,383.8135676,2.3038539,0.62665522,21.75467063,0.19443327,0.030500771,0.436297282,0.28214476,1.778933417,0.428486429,0.078718632,0.36233633,0.581261722,1.12274036,12.2150522,28.5103461,1.783902493,,169.5751766,47.45920563,68.0539977,19.33810035,8.0896573,11.25538971,160.7243558,2.24242487,2.115372599,439.6128604,3.301281992,,2.785093274,0.006510888,,15.6548925,,0.194270752,,2.40044223,0.039845519,0.509393319,11.7196846,,1.982506366,0.33910343,,0.563873099,0.317899431,19.92113234,0.030059187,0.120946065,0.65618732,0.36455673,0.332526413,0.5288593,115.9720915,,4.37482193,,0.005489476,6.276592933,0.541132823,,0.048192892,0.381154802,81.67367744,3.6227756,0.60499254,16.31283152,0.89888906,0.301059525,16.64702519,0.001094632,0,27.1515762,38.96943194,3.283045,26.86368,,4.37117345,0.920880911,5.567862828,11.1410959,14.6182213,124.9374224,15.868064,5.796621471,6.7643599,0.48680248,70.40087914,1526.413074,0.277201321,0.002229618,0.018919874,0.063148834,0.076603092,0.023545444,0.040335204,0.013297143,80.275751,0.87503421,,0.16714473,0.3729924,16.96751788,,,0.060728669,0.37724981,98.92565494,83.8454442,,98.13257132,2.45994379,1.91659293,0.55232674,0.259578098,55.97292443,29.93333961,11.35957796,45.08781229,,1.202057433,23.70073242,,0.202623096,0.027367325,4.992712033,4.48147093,46.12290784,,0,0.4489534,,29.53343,226.7428184,2002.955365,1.0529778,3.1249368,0.065672624,,0.047556948,48.09568254,6.403993583,0.069222681,3.6250556,55.8404031,4.477295455,3.07304912,323.1757697
1989,8561.492642,2.745300293,4.7128745,29.76700373,0.19688715,1.87959096,0.14517531,48.59298629,,0.18675573,91.88617801,28.75872128,,0.9716748,5.90471081,6.152688989,0.446927424,,55.01453766,0.092783259,0.17557968,0.33087161,0.395284506,2.177431645,,0.69221637,137.8863503,0.016665941,2.09031677,30.6777813,0.17047541,2.214351122,0.127132656,0.172715983,1.89728073,265.8411433,0.029591775,0.098317578,0.099063392,0.058276594,12.5178322,704.969043,23.70933267,0.01936256,0.425009624,0.015802115,1.84411433,,12.65608347,1.632634463,,71.7445062,,2.68361966,17.7154537,0.57646698,0.022334074,3.232143803,5.887115805,33.78824953,1.271584121,0.043745604,,,1.28806644,0.228379325,0.010724992,0.426705603,25.6400277,230.9592356,0.2023679,0.361965464,1.092958471,0.067465946,,373.6767168,2.5271615,0.5327633,22.851883,0.17142804,0.030430101,0.480725242,0.26207924,1.852139425,0.414068713,0.079621404,0.2437225,0.534770548,1.29495764,12.5893383,28.49876193,1.847132491,,178.6612044,53.10130356,74.711118,20.79163433,8.51907442,11.61827542,165.0811636,2.24574737,2.453236623,452.7407398,3.400409581,,2.998911039,0.006496234,,17.5082573,,0.246989959,,1.90029109,0.059208617,0.424218577,12.1261129,,2.190202757,0.36021829,,0.421163941,0.356513299,21.5894735,0.029985942,0.206897779,0.7305282,0.5035674,0.381732873,0.614238881,122.0609677,,4.14540116,,0.005488871,7.003220933,0.431676743,,0.048070338,0.351934597,82.29574339,3.7918549,0.65910542,16.31437975,0.967651485,0.308641264,18.01694594,0.001094632,0,22.5246356,40.9394902,4.2391847,28.29737761,,4.251493133,0.943143811,6.824987559,9.997001527,16.3651778,120.5699432,17.19850399,5.808925101,7.0116793,0.53740353,72.99164804,1506.834725,0.285103861,0.002229618,0.018877046,0.062994502,0.092482716,0.032762577,0.050926842,0.013268793,78.694718,0.90458822,,0.17392828,0.36272132,18.42454925,,,0.060584575,0.38642129,99.3119148,90.55051139,,102.4744661,2.37065216,1.86195488,0.73487553,0.275256038,54.70801366,28.43240013,12.13589982,47.5455985,,1.223876703,27.874893,,0.238317757,0.033807669,5.345418747,5.011818712,50.81541332,,0,0.44574113,,31.984516,227.1942482,2059.216401,1.0488386,2.6668626,0.105370494,,0.041645534,51.13416633,6.423250253,0.069058262,3.8719249,55.7249597,4.808181565,2.64866707,337.3867457
1990,8754.842945,2.719431025,3.46425794,30.58322738,0.20708556,1.99590079,0.1505378,46.92930167,,0.19725247,93.64629243,29.87679055,,1.033757,6.4626177,6.000609324,0.473471946,,56.2937868,0.122404336,0.20377395,0.23483041,0.413215862,2.304951669,,0.76410639,154.8339404,0.016665941,1.76872549,27.68102385,0.175320401,2.154617981,0.133750357,0.174681344,1.91656998,263.0242785,0.029591775,0.1045045,0.105446929,0.12213074,14.1842623,786.2911807,23.34802918,0.022909368,0.47645253,0.015802115,1.80462641,,12.54693883,1.74186293,,72.27962651,,2.55012019,18.25461337,0.59226906,0.022334074,3.491994044,6.2939106,35.73644562,1.321226524,0.043745604,,,1.31375274,0.249490144,0.005362509,0.465198883,26.7094759,234.5634761,0.24168541,0.342529065,1.076408549,0.067786314,,365.0435601,2.4482294,0.55548924,23.68760616,0.1958154,0.045238573,0.519579162,0.65796518,1.975280762,0.547295461,0.097357638,0.23455793,0.34696967,1.45287269,13.5522244,27.20567549,1.8517395,,191.2080418,58.50039121,75.8364915,23.06978732,9.04251815,11.97506652,166.3375889,1.93228641,2.567839386,477.9398321,3.627658491,,3.030117591,0.006496234,,10.2689143,,0.285314489,,1.758513013,0.059208617,0.20673138,12.813621,,2.346477575,0.377359897,,0.41599586,0.398202399,21.20761764,0.036311299,0.210411853,0.76847296,0.55014515,0.343127333,0.682360533,118.9354759,,3.82370767,,0.006467532,7.311430827,0.437603887,0.82381934,0.048070338,0.455189548,86.17667312,3.7097907,0.63868671,17.21425356,0.89868259,0.304929575,17.49921929,0.001094632,0,23.0080765,42.33586357,4.6143055,29.60241904,,4.493807444,0.955522461,7.518672097,9.485644909,16.6096397,101.9990956,18.34868584,5.696938607,7.2033677,0.56944066,67.13411924,1529.666065,0.299532642,0.002229618,0.018877046,0.062994502,0.087028377,0.031116292,0.050926842,0.023993787,84.313204,0.914567199,,0.15533733,0.36808497,20.21921612,,,0.060584575,0.35013813,102.3689492,102.1470013,,104.7676044,2.630540645,1.70916093,0.84592774,0.258437646,55.55725181,28.80464423,14.07032535,50.74753853,,1.34616965,33.12962807,,0.229972477,0.033807669,5.698573423,4.978608348,53.70515451,,0,0.48817397,,30.955773,231.2406596,2065.0396,1.095324859,3.386959401,0.110733002,,0.041645534,51.79999496,6.89664955,0.074420743,4.050015,53.3238507,5.058366365,2.83449198,339.8197908
1991,8706.349491,1.173741627,2.77475841,34.21332225,0.20708556,2.0920001,0.15001123,49.09484332,,0.21517596,93.53733054,31.14027671,,0.91693074,7.2334193,6.459449478,0.478751121,,58.10325604,0.138763386,0.23970699,0.20573667,0.417146582,2.263855659,,0.79824746,152.4017671,0.016665941,1.4135254,21.62110977,0.202776991,2.117391026,0.150473577,0.185371104,1.93164431,266.7354518,0.029591775,0.10343889,0.110563768,0.11941842,14.16242541,732.4778494,23.91063065,0.022111245,0.42956961,0.010867598,1.935385849,,11.68078037,1.76167513,,64.49524125,,2.453004065,20.73031201,0.59226906,0.022334074,3.37104481,6.61919773,35.7727508,1.313975164,0.043745604,,,1.13551513,0.230094434,0.005362509,0.403026377,27.39476077,250.889545,0.26547325,0.345318754,1.106232529,0.067465946,,378.7219629,2.5362681,0.56751323,24.06980372,0.19340461,0.045238573,0.540075412,0.7380268,1.916061328,0.431127642,0.097357638,0.27646972,0.34588859,1.44848925,14.31935769,26.36836546,1.801119555,,201.5451509,65.23102499,81.099082,15.10647651,9.41910841,12.22752103,169.5595709,1.63043953,2.681344262,489.173373,3.425589021,,2.809328164,0.006566654,,5.42981878,,0.316179144,,2.94013489,0.059208617,0.11644917,13.3769713,,2.671162159,0.371941768,,0.431214057,0.455818083,23.3163119,0.036311299,0.210679981,0.78195846,0.45972383,0.359235073,0.691299898,127.4140146,,3.92797355,,0.011303432,7.463040745,0.444002691,0.40854158,0.048070338,0.528245667,90.46331085,3.5360532,0.646368906,17.33163661,0.869830043,0.308748381,19.22271754,0.001094632,0,22.9147728,39.00789072,4.8517988,31.19037645,,4.442232949,0.944797501,7.982308195,9.283049084,16.7915192,100.2449281,18.53101198,5.67933243,8.4640178,0.62516229,53.0291184,1443.178133,0.304261092,0.001094632,0.025345108,0.062994502,0.081756689,0.027112166,0.050926842,0.025295565,88.08294393,0.844347499,,0.17612916,0.38992527,20.98142243,,,0.060584575,0.20865381,102.2959436,113.9184319,,109.4896774,2.583306637,2.33261501,0.86383802,0.284909289,55.57927024,30.04418686,13.03668257,52.32991849,,1.22467717,36.36167377,,0.402253591,0.034340229,6.38578064,4.107471974,54.90956582,,0,0.51608745,,37.525835,237.2311219,2063.415647,1.133251404,3.058345916,0.110733002,,0.034819674,54.946512,7.526179305,0.074420743,4.1912441,48.024157,5.211728825,2.72050594,352.8019236
1992,8800.754137,0.770535019,2.1957505,32.91928303,0.21301223,2.12287037,0.15041274,50.81397173,4.88621145,0.23635501,95.41821481,30.30710173,25.02257763,0.77577364,6.0683471,7.199538587,0.505729453,38.06066569,58.15457959,0.116251906,0.2652629,0.16073541,0.429185001,2.449239602,3.75331834,0.97163528,155.3885119,0.01670897,1.38220626,22.01052986,0.205007371,2.201079937,0.139079447,0.186572893,1.94688984,275.9751697,0.035038475,0.10491864,0.106446762,0.1197456,15.6959682,768.371875,24.0189572,0.022155308,0.40933971,0.015869963,2.306146174,7.711795435,10.38159023,2.025995714,,58.61181545,,2.788461064,19.43060427,0.59969538,0.022375539,3.607229135,7.39808519,35.86170751,1.487216609,0.043861449,,3.20237316,1.53634786,0.231951715,0.005377188,0.416996296,27.45415791,253.417998,0.21898749,0.327990616,1.138447761,0.067647897,7.95240568,368.2744936,2.7797616,1.0138243,24.6700663,0.1718946,0.046639599,0.512119582,0.8873781,2.123986589,0.444824122,0.10342459,0.30533166,0.380466592,1.50020033,15.89985363,24.96053061,1.856399007,,212.4509477,67.39619034,84.38223182,21.10134026,9.41390403,12.82508177,169.8853288,1.58851674,2.90014337,493.7901461,4.039747001,101.6614251,3.044581413,0.006510888,,8.8342645,7.2077622,0.312032574,5.35160408,3.01032118,0.059365071,0.12210998,12.4831824,12.26212545,2.794355504,0.383698278,2.63877284,0.4672572,0.465071673,24.9023666,0.036398742,0.227257895,0.78407076,0.50605017,1.162740374,0.826198828,128.5828011,6.651543967,3.50741334,,0.011331782,7.936198223,0.443420675,0.384480442,0.048192892,0.529427849,89.63503676,3.4950752,0.666328002,17.48958757,0.988363586,0.300829803,19.72476815,0.001094632,0,19.3531356,42.09083772,5.1296899,32.74464055,,4.527023859,0.997247913,7.546041769,9.223206134,17.8099135,96.33084151,18.97932338,5.718633397,13.1600358,0.65026905,49.31206672,903.270671,0.306704653,0.001094632,0.025402488,0.063148834,0.075280637,0.034265088,0.047432084,0.025353121,92.89369921,1.023107119,16.4174449,0.17463581,0.28184602,24.15383192,,5.91230908,0.060728669,0.19390787,102.7157778,127.2252444,,109.8504367,2.638620635,2.16319282,0.84508583,0.244741354,56.55246178,30.58625152,13.44120888,55.26451031,7.04197591,1.28594612,39.11229047,,0.288271338,0.032651119,6.252277799,4.747769439,58.33306986,8.09099598,0,0.58318883,234.9551243,40.691932,234.7854776,2095.455736,1.20152287,3.646824629,0.10363391,42.296549,0.018260723,55.25430247,7.90086459,0.07459987,4.3932505,,4.766314885,2.81068194,378.4828128
1993,8876.641899,0.768266435,1.871973208,30.29383578,0.20722827,2.08389006,0.15001123,54.99634743,3.670431749,0.24014226,97.04888291,31.02468517,21.24317058,0.81915951,7.2470692,8.01691012,0.492857642,32.35849973,57.15640664,0.115982256,0.29355362,0.18676767,0.425730328,2.417601784,2.68016245,0.93604999,160.7650074,0.016665941,1.31374103,21.28074432,0.227138654,2.332224852,0.155298707,0.186599455,1.72005916,283.320236,0.035445623,0.099427395,0.116274912,0.057460185,16.71410971,822.2915526,26.39193346,0.022111245,0.368446125,0.015826682,2.506174958,7.838180756,10.18122914,2.023917948,45.00303713,,,2.690482861,20.62004553,0.60339636,0.022334074,3.374027728,7.16088571,38.03732276,1.538510206,0.043745604,,2.50190341,1.46839426,0.226703022,0.005362509,0.442976757,27.49832005,252.6492307,0.29202729,0.328143297,1.078317441,0.072828457,4.81727344,364.0843803,2.7445893,1.0689451,25.13036915,0.17576651,0.053616058,0.583443821,1.1770089,2.271843319,0.465425591,0.11332084,0.39072813,0.288891415,1.49498666,16.93128289,25.33933832,1.92832776,,221.4127776,71.49487284,87.4821869,24.26209553,9.839713188,14.24774531,168.0791851,1.78795775,2.943692316,500.8447239,3.997867052,88.07074948,3.128949224,0.006496234,,11.9856964,6.22347249,0.313968114,4.5420814,3.781025566,0.05858884,0.13475701,12.9322052,9.985488004,2.80765897,0.423201326,2.67332306,0.474436769,0.454006856,28.6750651,0.042471904,0.229237013,0.89681944,0.68947434,1.191259415,0.832600398,135.5652524,5.377926193,3.22312829,,0.011303432,8.016665229,0.441742514,0.461630427,0.048070338,0.543791493,91.21981459,3.49403127,0.665050702,17.67665753,1.022938737,0.31747792,20.03704582,0.001094632,0,21.1723268,41.90274502,5.7305414,34.97218009,,4.546363547,1.013761984,8.565373372,10.49742785,19.3512718,97.88482447,19.21344558,5.714587535,14.0436235,0.79391391,48.80066777,809.5225032,0.28086258,0.001094632,0.03097913,0.062994502,0.04289997,0.029568866,0.052155193,0.025295565,95.25499418,1.066820379,13.63922152,0.17953271,0.281385,26.2073748,20.65821334,6.2197131,0.060584575,0.20408118,104.3000655,138.7487798,,106.7610897,3.11438673,2.05785967,0.86795584,0.247372306,55.92314791,30.61893715,14.92126219,58.79283312,6.44843624,1.35356973,44.41199324,,0.240559485,0.03257994,6.848188359,5.417438385,62.48841574,7.4144088,0,0.58919063,224.9870912,38.077082,237.5720709,2135.280092,1.25415761,3.642727108,0.098000392,52.6385306,0.018216105,57.18859339,8.41488047,0.071104586,3.6198738,,4.59336333,2.6942617,387.8699293
1994,8979.024682,0.740907612,1.75886266,31.19475209,0.20186576,2.0326807,0.16059351,55.67416441,3.325748684,0.26348302,99.37003293,30.80193117,19.10057901,0.91002899,7.1401793,8.7782034,0.467420434,26.71936812,60.18915912,0.110619746,0.30791867,0.17998746,0.457189062,2.702713539,2.841257,0.91904646,168.0826724,0.016665941,1.26262844,21.8071767,0.253007935,2.743108703,0.162135208,0.187090795,1.83783437,293.2274569,0.042124084,0.1147029,0.121986055,0.062822692,17.94116936,885.8191369,27.53272078,0.022111245,0.348900023,0.015826682,2.541239652,8.183546195,10.29640673,2.327901761,43.0065881,,,2.332527779,22.37160617,0.61976647,0.028521223,3.680636097,7.78888551,40.24160167,1.684976055,0.043745604,0.33423772,2.329640628,1.09391564,0.232601584,0.005362509,0.455270611,28.97214886,252.7110406,0.29202729,0.264793867,1.106488094,0.083940454,3.68029158,359.6150785,2.8323433,1.0743076,25.89841879,0.17678742,0.061489157,0.603167651,1.7138112,2.538116982,0.470752841,0.11332084,0.39030279,0.247133593,1.499998197,16.33154169,25.29648297,1.965865383,,237.6989152,75.78194615,92.4839011,27.74940542,10.29553126,15.15310112,166.750719,1.84381191,3.035097754,518.4754621,4.595601801,85.25442545,3.199967275,0.006496234,,14.4009442,5.83494078,0.314330804,4.36825754,4.257600627,0.065335929,0.13475701,13.3703742,8.67590887,2.847588029,0.448777436,2.33864671,0.513658931,0.481504183,33.6981724,0.085241325,0.229728353,0.89615879,0.68106008,1.188387855,0.830172904,144.6287312,3.904013865,3.01798005,,0.011303432,8.876287036,0.430956776,0.450570387,0.048070338,0.639679025,92.16275533,3.613243591,0.654183328,18.73373519,1.042114405,0.3204507,18.68931454,0.001094632,0,20.7369581,40.50645675,5.9718463,38.11415079,,5.072464046,0.970755244,9.902932438,11.02003413,20.6616718,96.824307,20.12469024,5.726025495,14.0825746,0.81989141,45.755699,730.4659638,0.286939081,0.001094632,0.036341615,0.074401222,0.043786321,0.049336607,0.052155193,0.030658048,97.76502963,1.286973825,13.7139972,0.17953271,0.26710662,29.96851512,19.4423613,6.46612748,0.060584575,0.20408118,106.8406356,148.7092874,,110.3429536,3.399326714,1.89955678,0.86890787,0.329816132,56.41071897,31.48369954,15.86101941,63.15393354,6.214665683,1.215845632,49.27231477,,0.251228189,0.044276331,7.851322415,5.883496525,62.36107148,7.226380788,0,0.60882745,190.2913808,37.552723,238.0350571,2175.018627,1.23558052,3.546545208,0.098000392,44.3323737,0.018216105,60.61199819,9.66908234,0.071104586,3.4281127,,4.46696946,2.67766366,404.352209
1995,9236.816976,0.623069998,1.889972142,32.53379467,0.19650328,2.18132235,0.17121723,57.40051481,3.277415969,0.29820991,102.4966839,32.37104356,18.3075823,1.0875566,7.15281,9.63978182,0.485107792,24.84836116,60.90959532,0.136435538,0.33286604,0.18460847,0.484353367,3.101849555,4.76563893,0.92784142,178.835883,0.016665941,1.56162632,23.93694509,0.258412677,2.919602174,0.157509737,0.533207664,1.88230124,297.2089629,0.041252677,0.12288798,0.122220145,0.062822692,19.59434864,968.6975464,27.9450432,0.022096113,0.356330075,0.015826682,2.600804798,8.41264883,10.49149312,2.289875584,44.19564044,,,2.572313126,22.26033817,0.61397868,0.035465417,3.971872742,7.66678994,41.26908802,2.112326525,0.043742955,0.38289788,2.059604728,1.1740756,0.249166586,0.010724992,0.487530336,27.65126354,260.2459855,0.34053099,0.281974018,1.035457134,0.07766436,3.664016593,365.4452735,2.874233,1.0743076,26.78339841,0.17678742,0.05600208,0.619395071,1.2729388,2.716337,0.468127962,0.11332084,0.33076088,0.388610806,1.629819853,16.73604971,25.71793081,2.013644965,,252.7486993,80.07608947,96.1306429,28.41773731,10.55359777,16.31727771,174.1926841,2.0017817,3.384440599,534.7762796,4.778015021,70.11336252,3.410293081,0.006496234,,14.8689951,4.46409811,0.375408015,3.96924541,4.55653573,0.065335929,0.13475701,13.960751,9.593436707,2.731256489,0.446160716,2.41543985,0.540120977,0.501454716,36.6860786,0.1171409,0.230465365,0.860253462,0.69073188,1.203522146,0.888244987,140.4179739,3.364634959,2.95355228,,0.016665941,8.802052522,0.466750793,0.729283615,0.053858165,0.696154505,94.44290731,3.845665691,0.66499281,19.14342872,1.114950145,0.331339134,20.7848642,0.001094632,0,24.1968239,43.67537568,5.6348689,39.80614925,,5.333034084,1.121650729,11.41766732,11.59939598,22.16458634,97.19031737,20.95972508,5.724959652,14.1850234,0.81067567,49.34167044,718.5546138,0.292266321,0.001094632,0.03097913,0.074401222,0.027698843,0.054172533,0.052400863,0.030658048,96.30399391,1.393006093,11.7157403,0.18585806,0.30719063,28.86228068,21.1984064,6.9594029,0.060584575,0.20408118,112.8865517,162.4280067,,114.8865793,3.59944534,1.76284121,0.83614468,0.318381983,57.73214342,31.12018072,15.26505538,68.21347313,4.995429406,1.205053877,55.48690979,,0.277395217,0.0400194,8.204078449,5.309422094,69.08839442,7.64639438,0.00476939,0.61344672,180.5486591,40.474253,238.8155351,2221.366698,1.19636502,3.032458819,0.1033629,46.9614433,0.018216105,61.52094205,11.35272422,0.08020857,3.8013885,,4.47699921,2.572650504,415.0683588
1996,9447.830964,0.612096201,2.11659907,31.72245806,0.19702376,2.0949943,0.17167686,59.46956363,4.141575943,0.19654381,106.6817829,33.54746667,16.18721362,1.226045,7.1702355,9.82560071,0.435557992,24.71912652,64.79130212,0.121350779,0.364060479,0.19048071,0.521079941,3.035678027,3.07653218,0.84746701,190.0607654,0.021558138,1.45437241,24.00065351,0.274578658,2.951383993,0.163657287,0.586019326,1.87061761,305.5775877,0.046525255,0.12322464,0.128124005,0.062994808,20.98927976,982.325953,29.68915136,0.022155308,0.37755004,0.015869963,2.595842022,8.413341549,10.76644938,2.257061039,45.75870448,,,2.605038107,25.95199304,0.61566079,0.035549783,4.313817781,8.29267811,44.72898143,2.148945092,0.043861449,0.39136237,2.260722441,0.98029283,0.249112161,0.00648264,0.500276223,28.44801464,269.0465298,0.33565339,0.279775979,1.079873115,0.077874251,3.889348511,369.7378078,3.0337551,1.0772383,27.8132235,0.18735504,0.059968982,0.615910972,1.1284951,2.81241733,0.470264621,0.1087787,0.36101993,0.451638399,1.830559754,16.7223834,26.55519744,2.139215224,,264.3200898,86.72913174,98.5822994,28.32640531,11.32394082,16.72755129,175.202141,2.36911148,3.487838823,544.4508202,5.165678325,67.36721662,3.56745568,0.006510888,,15.7773402,5.81974508,0.434642578,3.69759603,4.80049536,0.06551493,0.13997194,14.7547421,9.424218613,2.867878882,0.511233178,2.66335349,0.55410931,0.508090843,38.851905,0.12257497,0.238930085,0.87828636,0.69262427,1.217206671,0.89031474,144.0540254,3.700975126,2.9465175,,0.01670897,9.199515542,0.48481894,0.686000741,0.053996582,0.806643977,99.80156416,3.802655891,0.682060676,19.36126259,1.174283201,0.332199758,21.29138892,0.001094632,0,23.1614803,39.97606818,5.8058851,41.84428678,,4.792281856,1.16944494,12.0063442,12.34871844,23.83236227,101.5758209,21.74712183,5.733045654,14.5866851,0.837183819,49.91212034,673.292705,0.28853866,0.001094632,0.036441192,0.074583754,0.027772037,0.049436009,0.053509603,0.030730309,103.5516893,1.404878674,18.4967875,0.18635254,0.30267736,34.15751945,20.3504147,7.63879448,0.060728669,0.20464033,117.0118337,176.0016031,,117.4219631,3.673797989,1.78808299,0.82499803,0.30595943,56.58656913,30.02075242,16.46173792,73.69055707,5.540877861,1.27338798,62.49246291,,0.262015004,0.045481183,9.049328821,5.695899409,74.77775086,7.64110255,0.004782455,0.63749274,161.9801614,42.111618,251.5776875,2294.592558,1.17873335,3.181720375,0.10363391,47.2309681,0.018260723,63.97251943,13.49075342,0.080403559,3.8239977,,4.62469674,2.43625257,430.3100761
1997,9521.04115,0.584644769,1.912898493,30.33313415,0.20186576,2.35842984,0.17643705,60.97744779,3.517883523,0.31785551,109.939507,33.72026067,15.96972797,1.1949869,8.4477864,10.16814102,0.524375154,24.42038118,65.38817748,0.188638751,0.395736739,0.18997096,0.520564706,3.409917483,4.5597506,0.87070304,201.3755285,0.021501841,1.55534303,22.09246177,0.434786818,3.155986323,0.164034557,0.690917764,1.97347704,306.993685,0.046417505,0.12291012,0.128331225,0.068042494,23.3348322,969.2827002,30.23611957,0.022111245,0.36937974,0.015826682,2.947164346,8.449491072,11.86539084,2.308024293,44.91996184,,,2.309648463,23.90090775,0.61976647,0.035726268,4.568557569,8.55082739,46.22118632,2.139094254,0.049353781,0.39564223,2.461346938,0.99212977,0.249822907,0.011830015,0.499648102,28.44055926,266.9853916,0.34053099,0.283939379,1.135912675,0.07766436,4.030948781,363.4953619,3.0100128,1.0743076,28.14651184,0.19220564,0.079359822,0.630649872,1.2855538,3.05270221,0.496056857,0.11332084,0.38431473,0.549440663,1.862963997,16.5404503,26.07880845,2.233287402,,276.7062021,91.63951977,111.4806918,26.18082938,11.99013588,17.61812367,177.114528,2.46686517,3.643098168,553.3584712,4.978639319,59.02457356,3.325625917,0.006496234,,20.1439456,5.51102124,0.445824159,3.91946027,5.51484084,0.065335929,0.13959293,15.5370577,9.21997965,2.951136716,0.524299764,2.46810622,0.566460362,0.513569124,41.00726699,0.10589685,0.242598354,0.93722349,0.70143384,1.218488564,0.900042599,145.9442779,3.689206344,2.68909624,,0.016665941,9.592419431,0.62224316,0.647908011,0.053858165,0.875092576,98.21075037,4.029130191,0.637825596,19.46933998,1.198327522,0.33431418,21.3195152,0.001094632,0,22.3917895,42.13716332,6.7285511,42.28065609,0.14551191,4.951566919,1.113377771,13.42463901,11.85777031,25.52238287,100.292845,22.42295433,5.729332814,15.3828792,0.844878399,48.886415,639.7305903,0.292757661,0.001094632,0.036341615,0.074401222,0.016087502,0.057108669,0.054120553,0.030658048,109.8560057,1.283224604,18.8822337,0.19738115,0.31820241,36.64383491,19.8466854,7.29038205,0.060584575,0.20408118,121.4268245,189.8460617,,125.0802409,4.051262668,1.82557777,0.84789953,0.354458375,58.33037519,31.15071497,17.50479594,76.4187243,5.267665131,1.18942385,67.15705568,,0.247795065,0.04759299,9.807743462,6.645488733,77.96264771,7.79438395,0.00476939,0.67975384,157.2087149,44.591725,240.9533368,2312.902204,1.16968701,3.497951316,0.1033629,47.2181917,0.018216105,66.40680174,15.05203221,0.08020857,3.9454255,,4.51284389,2.64030821,456.604785
1998,9580.498903,0.569041631,2.040019591,31.5303117,0.20186576,2.1198685,0.17643705,63.54999004,3.766912043,0.31785551,114.7088425,34.25351512,13.76830541,1.3570504,8.8677852,10.51833782,0.532611008,23.83432613,66.67876546,0.185564354,0.429715619,0.18997096,0.514154223,3.162892594,5.38464991,0.94335502,207.3749546,0.021501841,1.40672809,20.48540282,0.390907556,3.51032321,0.166694697,0.807787063,1.97457863,298.8374144,0.046663175,0.12291012,0.127839885,0.068042494,23.15933659,984.9682053,30.45789752,0.026947171,0.34396667,0.015826682,3.021204444,8.89245749,11.29280224,2.482762814,43.20216939,,,2.175379249,23.08512626,0.61976647,0.037445959,4.728933724,8.76813319,47.83544145,2.446869946,0.068005293,0.42014388,2.892715352,1.296107362,0.250180722,0.006467532,0.484945338,29.64689828,272.4488944,0.34053099,0.28836144,1.109388915,0.082884163,4.100725926,360.6656514,2.3072026,1.2337037,29.91050129,0.19220832,0.068818174,0.631878223,1.0626433,3.552384985,0.506801097,0.11332084,0.49849018,0.538684778,2.010238521,17.500416,26.31192521,2.428873337,,281.4800276,87.93438342,115.4793049,26.52987573,12.968512,17.85255053,182.2452143,2.46869343,3.725712596,544.0230227,5.330956107,57.33768192,3.670833366,0.006496234,,21.3253968,5.45234834,0.606488999,3.836788138,5.52877729,0.062666193,0.14442883,14.9523201,10.26954634,3.027864527,0.562038864,2.869975772,0.578743862,0.540935568,41.3243925,0.11662184,0.248171265,0.98122084,0.69607133,1.223139343,0.925009229,156.4458561,3.412854098,2.69076768,,0.016665941,9.542476721,0.818514125,0.778185445,0.053858165,1.05261272,98.71216399,4.077842891,0.650460218,19.01012766,1.310693057,0.346029741,20.44572325,0.001094632,0,19.8505515,43.64068938,8.7023962,43.65017248,0.22638942,5.215820748,1.119909431,13.59225421,12.32055834,26.76974657,96.15138744,24.38398005,5.733126169,15.681642,1.068756298,42.1140888,632.17914,0.292757661,0.001094632,0.036341615,0.074401222,0.021449985,0.062568368,0.055348904,0.030412378,114.3552111,1.36538305,19.3907284,0.19738115,0.31820396,38.75775743,19.72378375,7.31571733,0.060584575,0.20408118,123.5607782,175.3121323,,130.5771622,4.192034866,1.82848348,0.84784016,0.356251645,61.12634314,31.7297611,18.84512791,81.07857584,5.48118068,1.371071724,63.08403505,,0.267203003,0.048391111,9.767845365,7.199591019,80.89288017,7.18892372,0.005246362,0.73359126,151.7044846,46.353855,242.319143,2328.880625,1.17363415,4.540255467,0.1033629,46.3963175,0.018216105,70.25852032,15.82537554,0.08020857,4.2719254,,4.5197408,2.58660186,472.8478425
1999,9781.4726,0.568514883,1.866534471,31.42630514,0.20186605,2.36881715,0.17643754,63.56740513,2.282177909,0.31785595,117.6609465,34.80518017,14.13240636,1.1936144,9.0983217,11.67956895,0.557596512,24.63449135,66.0819922,0.192857384,0.195901579,0.18997133,0.513062867,3.550352897,5.53624441,0.87475514,211.8383614,0.021502269,1.65975409,18.49382317,0.401962738,3.8273286,0.163746847,0.831652583,1.9295626,314.9775311,0.04666373,0.12291065,0.127840255,0.068042494,24.22022246,1035.301276,29.14818278,0.026947599,0.279897136,0.015826682,3.472639206,9.172022032,9.761868356,2.644790526,40.70572348,,,2.384584312,22.46528789,0.61976647,0.03867494,5.366448142,8.39681279,48.86691407,2.561790506,0.068005721,0.43608872,2.262619216,1.539130341,0.248453279,0.006467961,0.525735561,29.2187052,276.4175608,0.34053102,0.272638966,1.281744895,0.082884535,3.954779214,355.31461,2.8478899,1.0796472,30.24072785,0.234218321,0.06881883,0.631878223,1.1812433,3.792148944,0.527437388,0.11332087,0.59841788,0.5837255,2.179416734,22.199325,26.16752815,2.644972124,,299.57444,97.80997528,116.0415612,26.99944107,13.98209489,18.13974548,185.2693678,3.23509654,3.815273418,553.6651847,5.365635116,52.80499146,3.492497049,0.006496562,,23.1526461,5.85290805,0.711709178,3.637773975,5.657890848,0.110571854,0.14442888,13.4979195,7.53743727,3.201803248,0.59671528,2.69853811,0.580273978,0.533269245,41.6788723,0.11662207,0.248171465,1.0880759,0.69607133,1.222985002,1.015906404,156.5341199,2.702334044,2.71986902,,0.01666637,9.990878463,2.337787695,1.046648323,0.053858444,1.194290869,97.25471739,3.985109991,0.662819506,19.64164485,1.403474614,0.326437988,20.51134208,0.001097154,0,25.4812489,45.8017103,7.6019259,44.57405744,0.24681753,3.619565668,1.13179321,14.09239782,12.95622908,27.54193267,93.75367593,25.65467131,5.708359198,15.5771793,1.069247638,38.2861936,643.3571913,0.284650548,0.001097154,0.036341615,0.074402131,0.021449985,0.062568923,0.056577254,0.030904349,122.5364991,1.503561895,15.4490352,0.1973816,0.31820396,41.1715938,19.61272802,7.193087733,0.060585104,0.20408125,119.6919049,192.4043661,,134.489225,4.447444965,1.96554775,0.85201663,0.357308024,59.79656348,33.57641501,19.4533861,84.68196057,6.267327943,1.440508728,63.8411248,,0.394989304,0.048391942,10.05755512,7.195001195,79.84706395,8.06540245,0.005246362,0.73432871,154.6493586,47.002559,243.4611687,2369.84387,1.20374066,3.889336362,0.10336331,46.5395708,0.018216964,65.93186059,17.57344039,0.080209576,3.2074633,,5.16531426,2.540157083,479.9450235
2000,10054.46282,0.496692508,2.348462218,31.98747448,0.19766323,2.78178694,0.1838458,69.15139424,2.48290464,0.38016155,117.7588985,33.48687754,12.73167192,1.4168078,9.627858,12.67187139,0.599449223,26.90413457,65.60220001,0.211805375,0.55892618,0.20761992,0.523255428,3.725913619,5.89383025,1.15115881,214.181796,0.03764965,1.69221831,18.5486068,0.365411167,4.29681872,0.138469626,0.77066774,2.00670026,316.6078689,0.117489761,0.17924343,0.137106555,0.088816814,24.46654129,1098.011787,30.03623076,0.037702732,0.305289218,0.021137436,3.625646653,8.885776916,9.446173996,2.773716488,43.28937511,,,1.872812487,21.07369235,0.30410162,0.045178565,7.398519235,9.21917873,50.46831956,2.438905388,0.132807037,0.22367772,2.173874941,1.63101886,0.275491625,0.009956785,0.645975479,28.95854131,274.1075292,0.19368432,0.305375908,0.978351377,0.10891906,3.363071695,347.7166267,3.484847,3.0205507,31.03735224,0.254146411,0.074258007,0.730494973,1.2033095,4.115183972,0.664836697,0.085771166,0.58594441,0.598285419,2.132981194,20.9049835,24.93936594,2.756079052,,320.7746924,106.5670372,129.5754492,25.4343829,14.48009107,19.77521168,182.612996,3.24964494,3.715552372,550.1848405,5.671496734,54.937779,3.883510049,0.012515396,,20.7933656,6.08555115,1.218974642,3.63439501,5.090095714,0.209218998,0.16272892,18.3247758,6.913986563,3.232651219,0.585417381,2.57132591,0.82195458,0.565190923,46.0629234,0.24629329,0.376214277,1.5932621,0.80971789,0.433717642,1.374266185,162.846215,2.744527066,2.8453383,,0.010010052,9.925480975,2.963628455,1.026100331,0.039396871,1.238421068,97.67505702,4.708674102,0.857949501,19.91684059,1.388101576,0.267943772,19.25100773,0.002441482,0,22.471356,49.14506512,9.2430744,47.25198438,0.30133447,5.716381047,1.28832857,14.19255994,13.33704023,28.23856127,91.1937334,25.95415463,11.07822585,16.667424,0.952847268,37.9586073,673.9427471,0.223219567,0.004427608,0.066373281,0.12607731,0.02421456,0.060043626,0.068540575,0.025018493,128.630016,1.712230089,15.273385,0.32367006,0.148806551,42.65119755,19.86860757,6.952562303,0.06486582,0.255272,122.9955322,202.1911896,,138.867171,4.955787081,2.75874564,0.71146467,0.388740491,55.46022514,31.80999674,18.69231627,90.50272316,4.776036695,1.476428853,66.5710642,,0.370472156,0.037707634,11.09928572,7.584990361,83.30468484,11.58950335,0.024879334,0.87923643,150.2353536,52.718319,240.9628303,2424.833588,3.49580872,4.022576522,0.10452788,49.0288456,0.032867849,72.50434388,18.4309223,0.091991015,5.1751666,,4.6991802,2.527407624,509.5627485
2001,10150.40222,0.385338819,2.165117044,32.12359574,0.19766323,3.01695419,0.1838458,67.53743875,2.43259855,0.3933582,118.9003193,34.75998324,11.20010255,1.4439605,9.9646477,13.92882923,0.599806539,25.12226798,64.65765886,0.219228866,0.63623079,0.21058851,0.554745841,3.176511849,5.85290935,1.19744873,207.1220261,0.038533174,1.92402812,18.89228963,0.400831344,3.98455154,0.116363099,0.816347557,1.98833156,315.4862432,0.13080075,0.18150763,0.141351245,0.085247658,25.24333231,1174.937742,29.87616576,0.039346747,0.379924591,0.020155596,3.630064779,9.270455036,8.691595401,2.782817275,43.98857898,,,1.821400351,21.46345116,0.30297148,0.048362587,7.190358194,9.791675029,56.22469497,2.538539862,0.150674777,0.24503029,2.446515615,1.767713744,0.303174469,0.011052778,0.672956291,29.47690555,279.9452838,0.34694871,0.334987657,1.052685987,0.11864597,3.077294095,355.8556725,3.4888818,3.3220205,31.3055851,0.236704631,0.077287413,0.767049433,1.6660792,4.202286242,0.72542848,0.087347329,0.57075197,0.650235999,2.312112516,21.186466,25.83245054,2.792200472,,327.0825145,102.9836419,140.3427239,25.78372308,15.0837718,19.57790831,183.3986123,3.20688895,3.770465368,545.8641925,5.456292594,55.437254,3.931987909,0.010678887,,21.23262932,5.68770336,1.251443603,3.941971703,5.450686933,0.209587437,0.1735591,18.4722832,8.211385556,3.416347093,0.595385732,2.36884389,0.79874912,0.548866795,48.5354163,0.20651664,0.379894425,1.7552148,0.81264579,0.452579103,1.400608415,162.3985044,2.674433745,2.84328972,,0.010010052,10.47736612,3.528820415,1.174102774,0.035707865,1.31041549,101.1061486,4.835847002,0.820165485,20.12173114,1.480429156,0.260632547,21.7785179,0.002504537,0,21.8786347,44.9389192,9.7269139,45.6254038,0.49382508,5.8350307,1.47233928,12.24092877,13.04539323,27.18370978,91.16397284,26.26712018,12.02874389,12.6816743,0.956491798,41.9002239,676.387108,0.216722116,0.004421126,0.068609029,0.13672364,0.02421456,0.069541599,0.074296835,0.023427191,133.5660048,1.865660303,16.20157081,0.34817272,0.190141181,44.05953026,20.98599746,7.267180085,0.065995961,0.25950852,122.0119675,206.8909351,,144.325301,4.820920222,2.94972133,0.69970394,0.392156184,59.79594753,33.40395059,18.45937989,93.1503699,4.984153925,1.689721445,70.49317242,,0.316851049,0.033963818,12.16695511,8.434291562,77.63436811,13.64798671,0.026413735,0.8908534,146.6760756,57.22456614,243.0857195,2369.947761,4.8266854,4.482954015,0.10452788,51.0929606,0.036608234,74.62594458,21.0884567,0.091991015,5.568913,,4.47850045,2.592857701,532.168009
2002,10391.6762,0.366423276,2.333929662,33.2175618,0.20094733,3.21862756,0.19709653,63.29439962,2.329007065,0.40661758,122.965064,34.88454566,13.26549504,1.4975981,10.6321775,14.63866191,0.603843307,24.31860685,65.36421921,0.209908074,0.73278119,0.22161572,0.624255393,3.475799999,5.92353126,1.23661786,212.3266461,0.040759336,2.24668596,19.16186528,0.416561144,4.51250783,0.110159464,0.8143531,1.97539079,321.4569013,0.14218087,0.18815194,0.141351245,0.084151641,26.50041982,1271.479975,30.21422774,0.039592417,0.337385166,0.010912241,3.821222474,9.10159597,8.803381648,2.757405975,43.93710347,,,1.906302754,20.81253852,0.30385739,0.045629288,7.59636136,9.999495448,56.32465049,2.63475171,1.34380773,0.2234205,2.023155802,1.82507524,0.296846605,0.01215823,0.562524539,29.64691879,278.1360483,0.32393873,0.356205789,1.055998335,0.11814415,3.641424903,352.5582998,3.2027145,3.6688354,31.82812898,0.229448651,0.079416551,0.786987454,1.158072,4.317551852,0.75787404,0.089234211,0.57534659,0.714005383,2.348087146,22.1034526,25.59192138,2.911623092,,342.4126722,105.7303075,148.8224961,26.24383267,14.94929952,20.74413666,183.9943717,3.16227875,3.754850817,543.1381663,5.72162417,58.8282674,3.970713321,0.015651515,,22.4245815,4.79801278,1.254150342,3.862682706,5.509186028,0.219542168,0.17120846,19.0422645,8.993393965,3.820482336,0.642882388,2.32353974,0.61922132,0.545345365,52.41408,0.24692546,0.385722975,1.7125759,0.843633,0.485945013,1.378000776,162.5463312,2.914299135,3.0367516,,0.014428227,10.65920143,3.672500195,1.091596989,0.033517744,1.378533611,102.4136474,4.702014102,0.888935071,20.80690691,1.509177338,0.279135379,22.75248479,0.00241626,0,21.4026382,47.65552589,10.44444255,45.99263318,0.42469457,5.759737409,1.54558988,13.01862747,13.25568541,27.7832627,89.3057732,26.18409212,12.04376319,15.182361,0.979018468,40.5420644,680.0999849,0.218264877,0.004610189,0.075058274,0.12353928,0.026406573,0.075252244,0.078839825,0.026516565,138.9483056,1.865746023,18.1526895,0.30318341,0.191544131,44.10309808,21.06643223,7.243263431,0.065995961,0.2805388,126.5323504,215.289662,,147.2859253,4.901340641,3.48123426,0.78008251,0.390465524,55.96513501,31.3170615,20.0093747,97.34981705,5.172227916,1.871211551,78.36077312,,0.354754312,0.036826782,13.04215869,8.372095954,81.27642261,16.03082661,0.035173032,0.92586681,150.8628331,59.80295226,240.2648837,2407.592236,4.7970085,4.070412895,0.10452788,52.2658206,0.034934685,71.28234331,23.7890747,0.091991015,5.6177254,,4.44556368,2.679128386,551.895042
2003,10808.90092,0.433452822,2.753785852,33.49472001,0.20094733,3.57362005,0.20716189,68.81089558,2.571434039,0.45280793,125.7643351,35.0098548,14.1491612,1.0460693,11.1083293,16.06804625,0.610282517,25.434426,67.77095991,0.205674167,0.84971036,0.22111198,0.701170199,4.686293579,5.17011896,1.24384665,214.5655809,0.043542929,2.32430739,19.15254263,0.465344327,5.19801811,0.087385712,0.884576553,2.11900571,329.5629671,0.14133601,0.19058317,0.134999965,0.083183296,27.32949981,1501.602401,30.39001962,0.050604016,0.39585341,0.010072023,3.852782108,9.96675763,8.945574743,2.973057475,46.52317096,,,1.991263332,22.32205923,0.31519794,0.050988637,6.967250795,10.28517563,61.32408422,2.817744552,1.408155111,0.26779256,2.069970586,1.975934244,0.295966893,0.013266533,0.624344167,31.68401281,279.1121383,0.37895207,0.385466701,1.028262665,0.11814415,3.182382575,353.3400868,2.94978115,4.2162447,33.76354992,0.251946841,0.084008954,0.817896239,0.98041302,4.724272322,0.738734435,0.10374655,0.59456408,0.660721316,2.597018962,22.9848001,25.92822792,2.92236579,,355.6317651,109.0840241,154.7447961,20.64005466,14.74565243,21.36658445,189.7934895,2.84298681,3.913196079,547.0720827,6.195176711,57.8508049,3.779342004,0.016272176,,24.31078642,5.12630023,1.199788418,3.956151207,5.60096237,0.222165369,0.1875006,18.7611267,9.367844144,3.975545046,0.661862013,2.47944261,0.79248755,0.580380398,53.6410067,0.21467274,0.387459895,1.9903246,0.83157158,0.502696843,1.408392797,168.2257504,3.152978657,2.949072628,,0.014428227,10.89059052,3.392856006,1.151814554,0.030048618,1.46253157,104.19774,4.669065102,0.962587131,19.97061302,1.602868753,0.30668116,23.99379949,0.002267451,0,21.3323052,43.35981185,10.10742947,45.94138927,0.4693265,5.832447012,1.756977773,13.93319907,13.28974461,28.1697839,93.50662469,26.85676438,12.76163047,15.9576151,0.992257128,39.60820024,705.2561575,0.220265838,0.004561208,0.075179115,0.13670313,0.029728729,0.078905708,0.079006247,0.029546334,145.2742209,1.877780031,18.1726501,0.30243748,0.197425001,48.30368554,20.28221395,7.032835615,0.068222098,0.282995501,132.9735275,222.9798258,,153.5089264,5.077462788,3.60741705,0.69095757,0.352475241,52.87712227,31.55846293,19.4499651,102.2146992,5.574027586,1.909208095,84.94065155,0.060166899,0.448502731,0.045373913,15.74942999,8.261758048,83.61739463,20.14411241,0.036168214,0.97219801,163.4283082,61.58389291,243.2429398,2417.505684,5.6487012,4.017665072,0.10452788,53.2538274,0.040993974,65.74088623,25.4776054,0.091991015,6.4408255,,4.37099814,2.757739973,559.5995675
2004,11288.24317,0.401442789,2.995462252,32.78635443,0.20094733,3.95315071,0.21486431,74.19241189,2.68845873,0.472204,129.6744047,36.14859533,15.65256559,1.159453,11.5068283,16.62262242,0.614830827,23.88849347,68.33434768,0.193388643,0.89338009,0.22895199,0.648337111,4.865645625,5.43963215,1.24152004,227.0158036,0.045769092,2.58109122,19.06034587,0.416380345,5.31440209,0.100975506,0.912371984,2.21726149,336.2522161,0.1545645,0.1801399,0.144524418,0.087639503,29.5082537,1693.243959,31.93763907,0.055562502,0.419132452,0.017056005,4.010408715,9.917175984,9.054430841,2.676307884,47.24958121,,,2.266652218,21.1662784,0.30657038,0.060503297,6.493441793,11.16494763,66.33049075,2.81288601,0.312743765,0.29163221,2.254097394,2.119525974,0.304190595,0.014371985,0.828902315,32.3546736,283.828816,0.37994824,0.383416322,1.050552075,0.12467553,3.27156918,356.462184,3.5093042,4.0248356,33.74330668,0.243303713,0.081579708,0.798532899,1.1397158,4.473767442,0.79917993,0.10734405,0.5790453,0.761898253,2.764033247,25.7368041,25.8580826,2.999233673,,386.4827639,114.0226983,161.523384,25.43604549,15.32655842,21.62425957,195.2808815,3.07269009,3.828136094,553.7515774,6.753365339,66.3982622,4.088242709,0.01742903,,25.29407339,5.42401391,1.257555765,4.322657701,5.606406661,0.222251493,0.20339537,19.2201823,9.422068106,4.501441618,0.79122118,2.614720824,0.86169854,0.62222393,54.0791447,0.2808086,0.402924877,2.0893371,0.83440435,0.541904393,1.452922277,172.9156741,2.917565791,3.025458639,,0.014428227,12.12370238,3.477968568,1.191100532,0.028200658,1.45004162,107.3460046,4.844639402,0.934285277,20.60801233,1.669373412,0.333370243,24.90232002,0.002262407,0,22.3089188,45.27937029,10.09781003,49.9429827,0.79315984,5.938051906,1.968978693,13.980004,14.62340058,29.4595877,95.34126024,26.45305413,13.07377762,18.2494845,1.091293388,40.45056018,719.7472921,0.213289935,0.002977322,0.081309281,0.13718863,0.02863271,0.087195326,0.078294977,0.03345943,158.7024328,2.063744928,18.9388976,0.42212194,0.208857181,52.34584237,19.82591749,7.525441453,0.068386368,0.28073698,140.6905689,228.7099929,,160.4903538,5.281255098,3.94972439,0.78607798,0.344726633,58.23917047,31.24657706,21.6654512,106.2477806,5.695014016,2.326687175,91.92573413,0.065150149,0.435848022,0.042022221,14.68645645,8.449905115,88.13911315,21.14619261,0.037264206,1.03726015,149.9174944,65.14865001,246.0082655,2468.404481,5.7912278,3.659088945,0.10452788,55.9118965,0.032993354,74.18849,28.9803763,0.091991015,6.800420343,,4.09078188,2.818127919,601.349333
2005,11683.61561,0.516665885,2.962188997,37.71827884,0.21346079,3.36161764,0.21815045,78.02521282,3.11633472,0.50993532,131.8392937,37.45690878,16.22448666,1.1148465,12.9086411,17.65340533,0.619587228,26.85296897,68.06279013,0.207648844,0.83416323,0.24109168,0.750082308,4.769063616,5.05614895,1.33159292,234.5877455,0.047084287,2.90764686,20.24569003,0.44027613,6.85052338,0.086100061,1.034223081,2.14157279,341.4538655,0.241097,0.18544397,0.149324559,0.094325781,31.00927265,1915.607981,31.97189171,0.05337049,0.578393266,0.0273437,4.172594741,9.814984483,8.918864043,2.957039445,46.72138946,,,2.478036576,20.32527814,0.28990376,0.058027403,7.12038365,11.85760244,69.2746451,2.918519325,1.443656911,0.29181657,2.303131788,2.43638316,0.298051139,0.014371985,0.706841185,29.35007902,286.6549319,0.38042897,0.39944026,1.126095435,0.12597726,4.532477978,352.8743599,3.6112543,4.5053945,33.92539865,0.293288824,0.085784353,0.793486769,1.3346343,4.611027241,0.808359,0.10872692,0.524067724,0.794867688,2.862979606,25.2982302,27.51810455,3.038851723,,407.5667905,119.4498485,184.8904105,27.5644899,15.97404381,20.76730483,196.43382,3.400667626,3.947247068,562.5925766,7.342568799,65.8875671,4.455950617,0.022835656,,29.52816097,5.06986671,1.419416274,4.508879582,5.339326369,0.26399239,0.23808406,19.8730954,8.501941583,4.555656179,0.796539326,2.623529649,0.837467975,0.601074931,59.7569408,0.254232567,0.46068781,1.7824812,0.81874462,0.560268543,1.558122816,178.283512,3.184289375,3.095449819,,0.014428227,13.27231974,3.91908912,1.252489156,0.027635183,1.50368268,107.6141026,5.021523602,1.02581749,20.10421891,1.693847723,0.308964137,27.24496132,0.002340595,0,21.94631924,49.44386375,12.98134367,54.34040392,0.9998486,5.929437726,1.901135736,13.70818561,15.34770786,28.20539257,95.69878354,26.48677768,12.64709022,22.4158977,1.044180279,40.32576522,712.6397199,0.207234014,0.003716047,0.075752005,0.14151278,0.029728729,0.087548474,0.080282061,0.035386243,168.1378234,2.141640925,18.2462987,0.38450769,0.177008101,53.96750726,20.42633806,7.514214638,0.068386368,0.28345338,138.169425,237.2340677,,163.1460287,5.551028631,4.57091995,0.79999261,0.355111246,59.25328106,29.92344203,24.4860444,108.2354364,5.837077581,2.46773093,94.39664168,0.065376945,0.421454001,0.044748988,16.72334722,9.178106249,95.29118964,22.38946681,0.043840244,1.16821075,148.7928413,67.24185018,245.1703132,2471.509973,5.6647716,4.087693187,0.10452788,52.5262754,0.032993782,75.29607889,32.13068779,0.091991015,7.167169777,,4.18655611,2.967170243,655.2571717
2006,12065.96737,0.626517332,2.757561897,39.57444667,0.21707955,4.24475967,0.22483642,83.27679759,3.082349153,0.50896382,133.8285999,37.04258981,16.47974559,1.2948848,13.7730024,18.88598831,0.620994036,28.66655276,67.69984455,0.243793437,1.159276554,0.27229264,1.212001511,5.253859322,5.25241685,1.36712909,241.9299569,0.051292717,4.48109243,20.73084872,0.433046007,6.52863973,0.100696038,1.117736758,2.590467382,344.2524769,0.256191591,0.18809035,0.156618888,0.095750593,31.66716696,2110.850978,33.66167535,0.062129105,0.698333962,0.029130269,4.386282124,9.796822486,8.671512233,3.070747189,46.96741515,,,2.592720288,22.43093336,0.27091181,0.057917615,7.116321411,12.56636121,73.46038834,3.114968643,1.460749811,0.2007097,2.425847697,2.680088188,0.295400538,0.016585713,0.775105389,31.60924054,287.8854805,0.35755727,0.395302173,1.156187195,0.13689079,4.369215964,359.8348759,3.5498882,4.4016538,35.15540901,0.269413433,0.088758223,0.819427789,1.4075481,4.875748002,0.82315921,0.11120581,0.467903231,0.814184834,2.684001646,26.78017137,27.17753787,3.388557373,,438.6240904,123.6251087,195.9919687,26.917281,16.72145385,21.48671112,195.6779225,2.897186834,4.509828263,568.5693203,7.618349773,69.23875897,4.902831904,0.025402971,,29.31987937,5.17702897,1.54974072,4.394340884,4.909174393,0.27802319,0.24386877,18.2233848,8.050722537,4.486245217,0.797593885,2.597676175,0.826918318,0.622577124,64.70376732,0.32217852,0.5323737,1.8216445,0.8151681,0.546126583,1.628117515,185.939945,3.35816402,3.401342289,1.17084494,0.014428227,13.53062387,4.33100635,1.230547227,0.020121319,1.4799519,107.1300293,5.055826302,1.010494489,20.26088056,1.702055677,0.305860508,24.30914922,0.002315373,0,20.82640304,43.88860316,14.78807577,61.08379023,0.83386606,6.449857467,1.950959302,14.45179921,15.74717688,28.06087282,98.94260886,26.38228355,11.41803126,24.4021379,0.983529139,42.01514648,745.5835584,0.202667743,0.003422539,0.078499578,0.14275096,0.029728729,0.086911465,0.083751724,0.037626589,175.0409429,2.103922763,16.8914203,0.40851086,0.22897238,58.405116,20.00107977,7.532385171,0.069516517,0.28561574,140.1768176,241.5899806,,164.8025237,5.572567193,5.4382011,0.87385021,0.354151225,55.86186076,30.92279592,25.53577832,110.403624,5.710835086,2.536645269,95.47161299,0.066699781,0.366472395,0.050336353,21.37771041,8.661005928,103.6074279,17.40026541,0.05041628,1.155118212,154.2045694,71.14502678,242.6313739,2457.502491,6.0274463,3.565516208,0.10690048,54.3105685,0.030602871,79.71796601,33.98877888,0.091991015,7.16101929,,4.10066567,3.135661016,683.2299194
2007,12386.08607,0.808843013,2.164537931,39.19234624,0.21707955,4.88383285,0.23562722,84.28498292,3.438575539,0.52447492,137.8471425,36.47811374,13.65661203,1.4912139,14.1402017,19.93417427,0.592483445,27.79535575,68.50641621,0.228132017,1.376556008,0.31625989,1.690194973,5.647145315,4.94274837,1.38133692,259.288658,0.053172987,4.70419255,19.56038441,0.619875395,6.98592114,0.161253128,1.308347574,2.591908279,347.5283734,0.285533641,0.22479504,0.15823097,0.096627384,31.52039216,2256.762562,33.70802629,0.041051651,0.865034349,0.024579905,4.637504272,9.643206831,8.765298396,3.158896596,46.73687624,,,2.676218736,21.34568387,0.28199059,0.070044769,7.319513654,13.36870751,77.9258799,3.248789987,1.651745931,0.20610787,2.523791082,2.974848506,0.307951489,0.016585713,0.753014166,31.66030473,283.3468708,0.38949056,0.419041373,1.150274287,0.14199455,4.954747227,346.4092756,3.33385731,4.7591467,35.63033788,0.304610432,0.094227473,0.852827569,1.0168139,5.233778856,0.87411533,0.11815564,0.581180668,0.878848752,3.322955327,28.55775727,26.63904069,3.885599019,,474.0971408,132.5226405,202.8786083,24.6448085,16.5171262,22.41902868,192.9724092,3.069306943,4.593657441,565.6168129,7.361332396,81.87843887,4.938756148,0.023192369,,31.16311283,5.66623377,1.474568365,4.326620217,4.332887351,0.36371807,0.22761685,18.1078618,8.832009474,4.398983192,0.756795221,2.538049717,0.882419727,0.620609681,68.6009966,0.33381179,0.61376189,1.9844085,0.84667363,0.621859703,1.690227787,189.516016,2.928015446,3.632011219,1.00654274,0.016037991,14.22909299,4.86867057,1.264764699,0.019596854,1.430544528,107.8298909,5.347100402,1.084260486,20.35812868,1.771788969,0.327441082,22.30004163,0.002138819,0,19.18402325,49.1053113,15.26915828,63.116363,0.85885841,6.097660174,2.10361968,14.49956141,16.4926882,28.75935048,99.16015757,26.5683178,11.00609216,26.5489888,0.966623439,40.66033914,739.8125779,0.207258166,0.00433633,0.082997002,0.14758846,0.030824723,0.088586497,0.08801336,0.039153467,180.5858469,2.218273646,16.8197607,0.33584666,0.211516251,63.43377335,19.12207625,7.504771509,0.076343916,0.28972241,147.8776029,250.1492396,,168.4361007,5.671840079,5.76614192,0.81742756,0.371319774,56.78703255,31.39925538,26.24851368,115.4921351,5.43458197,2.74891304,98.12456746,0.069039315,0.450064061,0.043093547,21.56587382,7.720188864,112.1131489,16.67048751,0.059184328,1.394069602,160.849039,78.0488691,234.8374671,2494.997321,5.6266985,4.513986056,0.10690048,53.5197594,0.04961478,75.15531148,36.91724323,0.091991015,7.603310932,,4.11186269,2.949212736,698.7704742
2008,12588.70643,1.409874108,2.421796698,42.41728773,0.21767431,5.72576036,0.24103819,87.82462954,3.318193416,0.49268785,138.2934062,36.74009064,14.65759965,1.457202,14.82521777,21.52293154,0.69861073,28.38587963,69.43306352,0.209421432,1.402859608,0.30253971,1.803647215,5.798019126,5.65717821,1.42871594,274.3904222,0.057133585,4.83145102,19.57283232,0.676979728,6.40423109,0.103865033,1.293825904,2.633008346,340.2575211,0.28938245,0.23084429,0.1604705,0.09724696,32.07011118,2374.227198,34.45555835,0.041852976,0.991389383,0.025225839,4.723060585,9.746357219,10.03013832,3.29174984,46.14935109,,,2.480660777,20.3022075,0.31533808,0.063074328,7.277241861,14.00365946,80.85755645,3.192370366,1.665839691,0.1467755,2.462951147,3.12000813,0.285012683,0.017003352,0.491406738,30.97922058,285.220935,0.39780451,0.426767873,1.174356233,0.14750873,4.912009249,354.3035834,3.978272,4.6286902,34.92157895,0.270871742,0.100194467,0.797920579,0.64027947,4.862433341,0.88309722,0.11507339,0.552518948,0.885481843,3.321159303,26.77645987,26.55707337,4.906826809,,488.2346819,141.295563,209.6038341,27.41193895,16.70337758,22.05568037,192.7990714,3.35461689,3.909348269,538.7242139,7.075168419,93.62036317,4.87938652,0.025977654,2.075029784,33.44559023,5.27895101,1.629883996,4.01691164,5.655322007,0.30431715,0.20165983,18.8013556,9.300867274,4.340822397,0.60266095,2.488476253,0.935552977,0.711890939,69.88926365,0.36291137,0.73483696,2.0552082,0.85086884,0.764888794,1.739438305,191.667417,3.036938835,3.662282898,1.21268817,0.020590397,14.6132015,4.54896526,1.335904002,0.019932181,1.629409301,106.7137799,5.337501202,1.088366182,20.49993422,1.794940012,0.367191523,26.83693353,0.003381352,0,20.65185351,48.82419703,19.21988382,62.54234809,0.7543807,7.130039152,2.10001339,14.98643772,19.14928044,30.62064712,99.67065702,25.41742524,10.27213847,28.7877923,1.005110431,40.48281971,762.6478869,0.219310649,0.003529077,0.082902879,0.15168805,0.030824723,0.088694273,0.090184267,0.042262731,194.2633723,2.302906345,16.6949633,0.36610362,0.220775167,67.66175271,19.62781504,8.238022575,0.07440798,0.28665504,158.4205709,254.2987831,,161.9004909,5.64849913,6.15680147,0.96832569,0.377544931,56.18983825,32.12384963,26.6875632,111.3410846,5.18307872,2.873995565,99.25555534,0.075876325,0.533299858,0.046536695,23.06581447,8.927574826,110.9590035,13.63245091,0.063020356,1.433128161,158.2422332,90.18670027,232.1779653,2442.58629,3.2608335,4.708055822,0.10719335,56.4136212,0.048921958,79.82041236,41.9259566,0.091991015,7.984019124,,3.549193296,3.032238729,752.5032816
2009,12477.44173,2.305091514,2.786312898,44.81921619,0.21707955,6.52377328,0.25254139,85.76030086,2.96182789,0.491178982,141.1885281,35.92775128,13.73434664,1.0955042,14.64760774,22.79013241,0.658408862,26.19661418,65.29410441,0.222619308,1.547234316,0.2380539,1.833113147,5.719760081,6.70234076,1.32693655,273.0179061,0.059883256,3.20521911,17.72830621,0.634838,5.91519119,0.103847096,1.573837612,2.83427284,335.590917,0.274115991,0.21420932,0.160224829,0.10272698,31.45683934,2577.49088,34.37777643,0.051059431,1.212000182,0.023219965,4.606589248,9.570771322,10.33451137,3.174295577,44.34724668,,,2.461808077,19.19931308,0.27382332,0.064096073,7.19398386,14.40629563,84.55604605,3.074407218,1.711743731,0.17745911,2.124540372,3.243246355,0.264743549,0.017003352,0.510872888,29.00689816,268.4259789,0.46823995,0.424708945,1.163844459,0.158486047,4.78822721,335.7715579,4.6149347,4.9015245,33.48402982,0.2972182,0.097281667,0.788946349,1.017180967,5.138705482,0.928307383,0.11922262,0.569448465,0.842159283,3.158894991,31.02284287,24.86459574,4.927466402,,512.8048744,147.9611152,234.3879483,32.66456502,15.102385,22.35328802,179.5293035,3.26009697,3.095732877,515.8589577,7.356809615,75.84696677,5.339848304,0.022679028,2.331945947,34.80186524,5.40875058,1.633278003,4.245090024,6.954794523,0.34341566,0.18407497,21.5147842,8.298490726,4.165237048,0.66373456,2.607525527,0.826668865,0.665999431,71.5186569,0.38556611,1.01797011,2.19010147,0.8495092,0.759232197,1.679072369,190.2955312,2.84111521,3.754583209,1.07310104,0.017410064,15.49097726,5.05317822,1.365852461,0.019374523,1.853778901,103.8678211,5.130176754,1.09116494,20.48611442,1.800550179,0.433056611,16.8426683,0.002224574,0,17.43916835,48.24175574,19.07888268,63.30476521,0.77203894,6.925808203,2.167609954,14.92555624,19.44425357,29.69553486,96.49206541,25.87136842,9.600339998,30.3053721,1.026214903,35.18942785,689.9445053,0.23423536,0.003318499,0.084834725,0.14796759,0.030824723,0.119345471,0.093610902,0.044953901,202.3670731,2.169942069,16.3800683,0.39906076,0.226384336,65.47998438,17.7672576,7.691184376,0.074033611,0.28589341,146.6514734,257.2354328,,151.2366453,5.382484725,6.63862449,0.9869094,0.374952848,51.79785312,31.5628362,24.98281549,109.830921,4.75093698,2.839085091,103.4448317,0.084905319,0.982287303,0.05051076,22.05305262,7.441535589,112.2772694,22.21058941,0.063568354,1.460148011,117.8006045,88.50185717,220.4053854,2328.02995,2.8464737,4.932061922,0.10690048,50.3717996,0.056540087,78.51383591,44.98760475,0.091991015,8.844905262,,3.534992106,3.165990754,784.1344702
2010,13200.7675,2.854183481,3.341591506,45.02559249,0.21707955,7.049215071,0.244183764,89.61030245,3.373169543,0.461058564,133.1006323,36.51932599,14.82649617,1.141412935,14.80759924,24.06096244,0.634549274,28.05188558,70.27741081,0.257804629,1.773374516,0.28029323,1.951888442,5.813604974,7.31070524,1.18494507,299.8478414,0.06170686,3.65087797,18.53851608,0.673425708,6.007281672,0.119953802,1.766561638,3.238840878,348.1213753,0.29348097,0.21520291,0.164341374,0.11140022,31.67356598,2798.667147,35.82443526,0.060644771,1.67902737,0.027567746,4.681263565,9.786343574,11.70759556,3.052924309,45.79940901,,,2.710614408,20.31051191,0.31183684,0.067037428,7.579512159,14.81563519,87.7775557,3.189434718,1.747582373,0.17740306,2.314757108,3.589351034,0.274868204,0.016312726,0.476647471,31.08146589,274.5071703,0.44586216,0.44151665,1.365975379,0.172868001,5.464013049,351.4827271,4.7873685,4.7381716,31.93379025,0.376303327,0.101178747,0.84075758,0.906716244,5.145947535,1.062562913,0.12234787,0.613740682,0.78106984,3.336049269,33.12786583,25.39954432,4.914343762,,548.7261061,161.8044279,232.0815545,34.1892234,15.5279847,24.03248704,187.3653746,3.320723558,2.847732904,540.1583329,7.625542468,80.59088837,5.796629858,0.022586692,2.384429871,37.53510972,5.22544124,2.924356219,4.599647947,6.70759116,0.36153551,0.28982094,22.94273432,6.115205871,4.389135208,1.04160826,2.776504484,0.874554333,0.801108402,75.05562538,0.389741747,1.031372767,2.615399901,0.84889225,0.753610348,1.808999746,189.4459086,2.808174216,4.007758863,1.44506484,0.023262963,16.84647195,4.962621935,1.388437143,0.020422142,1.972116611,108.9661005,4.426081265,1.276357921,20.99912031,1.8641023,0.54553189,21.01566826,0.002073242,0,16.71084683,44.90851706,22.37562105,65.43222464,0.75634778,7.851356508,2.08804875,14.9233492,21.83360174,30.80364802,102.9001164,27.38870542,8.147927785,31.643855,1.125110147,35.75164822,778.3202166,0.253536381,0.003762304,0.086909552,0.15465449,0.032412082,0.088208104,0.09436566,0.048439632,222.0467734,2.289076572,16.6830149,0.36088654,0.249837198,73.85690273,18.74172405,7.689649229,0.07704483,0.29303876,148.6800359,279.5469887,,155.5177337,6.130445698,7.52678988,1.185441964,0.38376856,55.72913906,32.02703637,25.87914113,117.3285537,4.9031145,3.269948752,111.4406306,0.088375024,0.934620829,0.045973439,24.12141671,7.63804734,115.5312241,26.11905751,0.065760367,1.681470361,130.135038,91.65683122,230.0144502,2410.999007,2.5755503,5.253790666,0.12502304,49.7167374,0.058438736,80.40419906,48.80333963,0.091991015,8.58303016,,4.006756534,3.314141125,817.4636573
2011,13592.00563,3.869084441,2.462608627,48.6088914,0.12387763,7.433847641,0.243497775,91.80417088,3.58233887,0.465764333,141.8592555,34.36827897,14.0692317,1.007771002,14.65564288,25.0361166,0.665970553,28.76939503,65.49739849,0.216377735,1.645230016,0.1811446,1.892187072,5.784434091,7.03479954,1.1850871,309.7136679,0.063148749,3.75020285,20.18450692,0.762368996,6.62897655,0.132663644,1.794990024,3.41571367,358.7850167,0.349266882,0.22656223,0.1732181,0.11720905,33.59888508,3079.118122,40.12242881,0.054485223,2.044413927,0.030910509,4.720015362,8.450706428,10.88077702,3.044786219,45.45696841,,,2.878143247,19.22462396,0.23555554,0.067945068,7.815963973,15.46631814,90.86818766,3.240571318,1.784885473,0.18066392,2.265869156,4.129367074,0.262859916,0.016120946,0.518089257,29.29559804,269.6896038,0.420645282,0.414859817,1.390373047,0.181727752,5.061675075,337.8769203,5.97946864,4.7158761,31.27864826,0.372334512,0.097044178,0.783160591,0.801210004,5.241733601,1.082839133,0.12414158,0.637199306,0.798196977,3.559288017,31.12528208,24.66492513,4.928806812,,580.9905712,158.8627847,235.5631847,35.40356976,14.24222843,23.77938463,183.1966745,3.115124507,3.016394676,523.0552814,7.900539808,87.89772277,5.996323111,0.02085889,2.412173767,38.67005171,6.04208553,4.05868514,4.093493634,6.81095179,0.32021545,0.32270044,14.94716992,6.485396347,4.271648974,0.726535082,2.784058352,0.991878706,0.793041115,77.39768328,0.421206424,1.125625897,2.487455101,0.8848689,0.811138977,1.855350093,194.9370602,2.788582385,4.266386434,1.05930987,0.016081171,17.95934089,5.54303488,1.457850348,0.01839952,2.087759141,103.564007,4.992190536,1.339400356,20.98144235,1.959915251,0.54278878,29.90428609,0.002237185,0,12.72254705,44.82193014,22.89495981,64.49566135,0.84119809,8.484374486,2.289509504,15.87780018,23.30884578,31.51520133,104.0684288,26.20469579,8.777758254,34.65067737,1.081619945,36.74883003,806.9545992,0.286955871,0.003680812,0.089528012,0.15697144,0.032631286,0.081790678,0.097878008,0.05013758,230.7684022,2.451584421,16.9788053,0.30987129,0.317336198,79.12051025,18.16213862,7.47887083,0.075768585,0.29303876,149.2553688,290.849955,,152.9331186,6.834694625,7.26911712,1.000012818,0.396538514,55.17044023,30.02256499,23.42552641,116.424283,4.87310133,3.326034731,114.4722956,0.091697179,0.855152886,0.043504793,24.5116816,7.292062982,122.9802881,30.32819301,0.065760367,1.781716521,143.1751394,101.7446929,215.6347481,2396.193549,1.705346069,5.082893462,0.10690048,54.3919311,0.067362021,80.11736041,53.85196384,0.091991015,7.21194316,,4.407570494,3.664338241,858.3312823
2012,13925.2268,3.462835442,2.50754684,52.99645917,0.12421704,8.311688851,0.250235305,93.92210118,3.851977876,0.460611429,144.304743,36.156469,15.27166277,1.164749103,15.76802171,27.3877872,0.625938955,28.84655657,63.29358192,0.222713793,1.550132816,0.19590826,1.868335274,7.160900527,6.40743678,1.14652242,319.5693429,0.062929545,3.64557284,19.45584859,0.905337328,7.85806706,0.12458002,2.00325741,3.148571567,366.0113262,0.313262225,0.20931894,0.179751348,0.11753018,33.38914996,3296.682517,41.50723007,0.056654925,2.102258077,0.032775486,4.843728928,8.461906247,11.46645902,2.876433726,45.11148651,,,2.815241464,18.10221095,0.310827875,0.065512313,8.305479843,16.3456874,94.86400911,3.235334924,1.754694554,0.19202036,2.62610457,4.611872309,0.268980907,0.016697302,0.537699831,29.06044445,266.8460736,0.384890174,0.405406126,1.736078609,0.177177077,5.12856876,344.5976623,6.16877888,4.7573442,29.26334049,0.312509393,0.102880937,0.695244768,0.857884112,5.448354215,1.053956613,0.12658544,0.72070096,0.904378465,3.600491444,29.17119443,22.98863051,5.030962122,,638.6379801,164.6792454,246.6014033,40.89206033,13.97682585,25.62454288,177.0091195,3.794936459,2.853768122,510.6352358,8.47553433,86.87855941,5.944708868,0.020609143,2.241984967,40.09080748,6.78318887,4.175929082,4.235075109,7.68114762,0.33526114,0.35791576,18.72144559,6.475823422,4.201044079,0.66690063,2.585569326,1.16294278,0.724331486,78.60699046,0.53614106,1.195977997,2.373058196,0.89844026,0.898329779,1.873671974,194.2022155,3.821697978,4.735433363,1.06286317,0.015600996,18.34394606,5.866887721,1.530059271,0.01995372,2.201746611,101.3447175,4.673555027,1.343014101,21.02139005,1.983935773,0.74358837,30.25545114,0.002229618,0,13.09132423,49.9950235,27.04111311,68.79009152,0.81694376,8.830088443,2.101342499,16.57409369,24.71969123,32.95953642,103.6574621,23.78957384,9.309219408,48.25208467,1.041557935,35.670201,808.2375822,0.312302889,0.004077402,0.089125397,0.156257027,0.032192879,0.099281453,0.093635069,0.053005212,246.1745217,2.354486288,16.29360792,0.35655269,0.353258848,79.65521267,17.49390724,7.336025648,0.076437773,0.29402144,151.9076172,295.5177369,0.51368101,151.0844856,7.072106712,7.046768311,1.150161713,0.401959115,58.43289945,31.80962586,18.09807864,114.7602751,5.28736795,4.00749465,121.8387892,0.10843235,0.804033135,0.044097457,23.48413148,8.015165566,126.3641835,34.85251281,0.065760367,1.721584572,131.3851899,100.6120038,219.0169997,2339.134624,0.977170479,5.113483057,0.10719335,54.042798,0.056027293,87.18719358,58.07571303,0.09224306,6.24925347,,4.794160261,4.079041542,917.7193613
2013,14182.98069,2.821053442,3.183496013,51.24903754,0.12387763,8.795101321,0.250259872,95.3666034,3.739960401,0.44585588,143.8551145,35.77376889,14.34778378,1.083614703,17.54845831,28.08083971,0.635664929,27.66077962,64.99558138,0.250619727,1.583294586,0.19678645,2.042105373,7.284850373,6.96140875,1.41027743,330.9457196,0.062929545,3.39053797,18.20674915,1.092722812,8.913831931,0.140337341,2.165162346,2.881785161,376.8746503,0.307576566,0.20662539,0.179987819,0.118548817,34.6903493,3445.352944,43.2388432,0.067593132,2.654999431,0.03274838,4.866394303,8.859940245,10.98085396,2.576441494,43.56403632,,,3.403219068,18.82662841,0.320852925,0.065475729,7.979637128,17.18728704,94.09977897,3.14145739,1.658029347,0.19580258,2.571055753,5.380608555,0.292777407,0.016697302,0.64639857,29.02184436,270.2036601,0.390395603,0.411492537,1.786988339,0.176335927,5.70223253,350.0342253,6.473649973,4.3812652,28.04262772,0.313588575,0.116063257,0.69318538,0.72340413,5.680102041,0.9367637,0.12957822,0.70188175,0.95098053,3.58522346,29.80231904,22.22777431,5.252543622,,649.8722212,169.4024097,252.5037603,49.33611092,13.82913051,23.67510727,168.5624234,4.212479961,3.11164904,512.4124436,8.473737359,87.65395472,6.24106447,0.020845625,2.314453689,39.93065032,6.27447384,4.994538358,4.073614933,7.66885859,0.34292078,0.31660035,19.74748616,6.390749588,3.99882632,0.621835367,2.56211893,1.24830518,0.689868469,83.08593614,0.56536474,1.237618498,2.253418319,0.90553411,0.811354135,1.899558517,196.1644141,3.702751689,4.936241688,1.29019409,0.019657563,18.77931567,6.14590297,1.524548839,0.022619424,2.306436051,100.122652,4.682939606,1.416802424,21.37182683,2.10672414,0.85079064,31.55311611,0.002441482,0,10.31751358,47.2984658,27.01477487,67.70306941,0.90877813,8.691079099,2.251840485,16.59856581,25.41480094,35.70940281,103.1136048,25.82158428,8.059332499,52.64020068,1.033319077,33.59281472,793.7918561,0.357478354,0.003911315,0.088800082,0.155854267,0.032960076,0.081485734,0.094658629,0.053005212,246.0421443,2.455106696,16.51647497,0.322099391,0.411624227,80.67874298,17.69512602,7.181471233,0.081149528,0.29402144,151.9904407,296.1831267,0.54332479,142.9275044,7.205844392,7.395575311,1.10291664,0.374687338,54.88719723,32.3854161,13.85604127,115.9650966,5.48701857,4.199235589,128.5351012,0.16333508,0.769036775,0.042795148,26.04175151,8.489948898,125.4993218,35.75677901,0.066308364,1.829187452,124.3227229,104.8541366,217.4093717,2405.889381,0.51280002,5.411862431,0.10690048,49.67820587,0.0539851,82.42519009,59.88548578,0.091991015,8.543761181,,4.822103658,4.331751293,936.5167352
2014,14341.70941,2.551808652,2.736701862,57.73238133,0.12387763,9.424291744,0.255877702,95.77226815,3.803787055,0.452601171,144.4057723,34.67219986,14.79470297,1.06403764,17.12751963,29.37242697,0.552855404,27.96839544,60.15398824,0.244687035,1.69189828,0.25485641,1.948186118,7.364636751,6.86631403,1.52073819,341.3566373,0.063934912,3.81319308,19.62128362,1.018247606,10.45886582,0.12191532,2.640961992,3.751414686,378.5172809,0.330915625,0.2101099,0.182034069,0.118548817,34.14061698,3505.173266,45.26006535,0.060379058,2.530095621,0.034826044,4.960225795,8.513457347,11.18004921,2.594213478,43.11033376,,,4.041651591,18.07435071,0.326445595,0.067560471,7.673709809,17.96490772,93.93926517,3.19459013,1.574097547,0.20448496,2.414339665,6.107303845,0.275226471,0.016697302,0.774882323,28.20337011,260.8506522,0.410721754,0.394902356,1.800273505,0.194952287,5.96249697,340.0142315,6.571781548,4.1421742,27.26276176,0.293610046,0.101067805,0.675805461,0.70022195,6.058009611,0.96935022,0.13681151,0.703518741,1.024567276,3.793079303,28.82691589,22.68080714,5.227775994,,691.7829528,173.0291756,268.2502892,47.53643777,13.91958031,24.97918704,162.5808293,4.453520823,3.064077634,497.6808914,8.79829784,83.30571748,6.748355235,0.020925326,2.06750796,39.65697518,6.36508259,5.17084447,3.769784605,7.931544512,0.35370354,0.41691223,19.55060816,5.872139746,3.900604278,0.696280993,2.473540249,1.32213532,0.719015349,86.77715817,0.75738861,1.262341978,2.307913129,0.9367856,0.973010733,1.958161448,193.5254997,3.600557363,4.821998584,1.10235542,0.018355986,19.34328799,6.874873548,1.639533823,0.023733048,2.506180193,96.29015253,4.725780486,1.596123511,22.50759245,2.236611178,0.79283752,35.6516594,0.002522646,0,11.0456612,49.48300638,29.5543197,70.82130682,0.99494326,8.895184629,2.307529679,15.45317092,26.01208202,36.60086768,101.92356,25.97879369,7.838856161,53.44785369,1.049207546,34.63559124,801.2967439,0.383210887,0.003712995,0.089913154,0.157385744,0.034338769,0.086659817,0.096789797,0.053005212,261.1726601,2.665544612,14.31343788,0.376438451,0.467568321,81.41424127,16.63024405,7.396590964,0.08204473,0.29426711,151.6235774,299.1394816,0.56210126,141.1218506,7.70379852,7.598508011,1.145129771,0.409855651,55.6467118,31.39980713,12.65731729,119.9262814,5.63838056,4.338696382,130.497939,0.18744722,0.845168341,0.046257034,25.51134072,9.359200844,128.7976097,36.60832981,0.07124041,2.253138852,110.1119706,106.6400842,205.1775352,2433.68059,1.048633651,5.654012036,0.10690048,54.25695784,0.061522901,84.04554072,65.45372379,0.091991015,8.064364117,,4.822393129,4.673101993,981.5230809
2015,14425.63261,2.830380532,2.896382779,58.82686988,0.12387763,9.740294029,0.26193945,96.79983211,3.482414682,0.466562061,145.3316835,34.99692516,15.81742997,1.01725994,17.55777963,31.92929348,0.588269256,23.95728944,60.95414555,0.269124955,1.890773189,0.21430883,2.094263878,7.182381195,6.78138739,1.81997716,339.1097123,0.064203227,4.15113191,20.70595593,1.236128179,11.79239004,0.129737312,3.290038556,4.001195898,379.837663,0.316835305,0.2222839,0.182114946,0.120100041,35.53308,3503.599951,45.49478769,0.065207314,2.516933442,0.032510633,5.232542646,8.066550566,11.20707895,2.68968732,42.55418491,,,3.275880259,17.63347755,0.330391245,0.071225106,8.406931078,17.91195608,94.48153976,3.33803878,1.400715767,0.21316739,2.36994921,6.477521336,0.295740393,0.017298256,0.954932838,28.91311138,262.1221406,0.395594653,0.412298567,1.774249745,0.199834317,6.29261255,346.0597362,6.960019416,4.2391424,27.46103416,0.311899065,0.10217791,0.73184732,0.744219332,6.953470398,1.053951907,0.14164891,0.726393508,1.066917485,4.215903687,31.60696555,23.65045032,5.523587466,,717.2340142,175.8844947,271.7343613,44.83668732,14.77376182,26.06116274,164.9867501,4.59040303,3.124541306,490.3404496,9.306961866,82.34843234,7.728747767,0.022758356,2.405951038,43.0856121,5.83334294,6.266566664,3.871524438,8.08716318,0.38674532,0.41850111,17.07087226,5.882202873,3.809227777,0.908064123,2.62491834,1.42736353,0.575148718,83.1365064,0.56865634,1.349637218,2.421740559,0.92954721,0.986894559,2.008157651,196.5599108,3.29503693,4.851799846,1.08063078,0.020757971,19.25980868,7.368617761,1.726739254,0.0245999,2.233661613,96.86449691,4.841414314,1.66491839,22.52959673,2.420131758,0.8070934,36.48698267,0.002764424,0,8.544630439,50.01124433,29.44331106,73.70842449,1.24170141,9.367676548,2.30763197,15.75697536,27.25142199,40.45075628,104.5771676,25.86395719,7.901417737,53.19147669,1.125855986,34.63321185,798.3258368,0.422776569,0.0034181,0.092164966,0.15849153,0.034338769,0.087846043,0.130252603,0.055057519,274.8852441,2.829053921,15.97491213,0.390006161,0.384852014,83.74329597,16.98497266,6.673407957,0.081690515,0.29475845,150.2429789,306.1742372,0.3788874,142.7266031,8.699859217,7.674138732,1.121817851,0.404621532,57.7056409,30.37776837,11.42626628,119.3657577,5.771492802,5.236254197,132.4120765,0.18380952,0.846662907,0.048245657,24.84221171,9.632655214,142.5339084,45.04783501,0.073432423,2.266068082,95.33675136,116.8708335,207.5734544,2415.023251,1.041755202,5.782574742,0.10690048,51.02391654,0.057449561,78.92507094,71.84913091,0.091991015,6.330378765,,4.784323492,4.47088787,1006.495389
2016,14513.65475,3.072855592,3.391762444,58.05005992,0.12591483,8.942487366,0.2637375,98.77231413,3.617931616,0.465901088,150.3935573,36.12026889,15.63801163,1.06448014,17.43066163,34.69174925,0.617413605,23.75211064,66.02683629,0.26549971,1.989818547,0.27209416,2.128378695,7.81920902,7.103181392,1.81076803,335.6096799,0.065241085,4.47166981,19.48258854,1.223396181,12.96741036,0.146437056,3.976371351,4.120904069,379.6789796,0.316070945,0.22827844,0.187069411,0.123124632,37.77515337,3466.423284,45.93867472,0.068273519,2.423618632,0.032370836,5.429730799,8.551448266,10.84478608,2.759244899,42.07715196,,,3.312951767,18.03183829,0.334385145,0.077982942,9.046630912,18.06189777,98.00607884,3.45884189,1.396899597,0.223236381,2.411352372,6.923071725,0.290590871,0.017595371,0.955849031,29.21421498,256.76689,0.388900123,0.408144137,1.858430515,0.206583967,6.663383041,349.8291699,6.623985958,4.4560409,27.16770513,0.307822097,0.102169137,0.731829761,0.780099364,7.412256972,1.086806627,0.14569331,0.741229698,1.318312475,4.30521115,32.46602785,24.33486686,5.584260245,,730.5547845,183.7229285,284.0946321,45.77804662,15.66498175,26.56102169,164.5858902,5.050665779,3.220454511,493.9737085,11.31096505,85.306515,8.040683031,0.021980268,2.568213875,44.12963614,5.87014566,7.069017604,4.193380989,8.190687333,0.37591582,0.40941307,18.18428786,5.782622982,4.216944906,0.900170258,2.639108708,1.48404258,0.70235272,84.35230055,0.57732965,1.448580768,2.791647883,0.91984645,0.97588738,2.161686919,199.8719209,3.283533857,5.064297446,1.07235787,0.020472737,19.5188451,8.370167852,1.739017048,0.025781447,4.033895193,98.57102806,4.877000167,1.834222418,22.85231945,2.50916331,0.84462937,43.58271684,0.002579371,0,9.837999491,51.3760441,29.60605129,79.22848376,1.31192089,10.65797479,2.312294004,18.53339286,28.76419612,41.59001935,107.5641858,27.70393307,7.338731043,52.20575236,1.133024567,34.45753328,796.7717366,0.426715699,0.003695289,0.089972118,0.15790106,0.035055172,0.08806878,0.132328673,0.053630867,273.4837592,2.948829347,16.35474765,0.39235666,0.395660463,86.39090685,17.12405901,7.313566632,0.083454779,0.297363631,152.4681591,312.4316477,0.42566075,144.2310167,9.206149989,7.655105471,0.994140711,0.387278542,57.29710384,29.84283213,10.7497313,120.4483017,5.927653231,5.926493308,137.6419942,0.18592276,0.930654975,0.047808256,22.30153388,9.93740424,147.9179476,45.10760701,0.076564707,2.440601183,96.07832846,118.6159077,205.4894664,2420.46928,1.031583202,5.94837618,0.10385899,45.33615645,0.060135408,70.09180569,79.44464339,0.091872573,5.898879673,,4.084231255,3.98510218,1017.036702